full_municipality_code,n_schools,control_schools,treatment_schools,pct_control,pct_treatment,enrolled_jhs,philiri_bosy_enrolled,philiri_bosy_assessed,philiri_bosy_assessment_rate,rma_bosy_enrolled,rma_bosy_assessed,rma_bosy_assessment_rate,philiri_eosy_enrolled,philiri_eosy_assessed,philiri_eosy_assessment_rate,rma_eosy_enrolled,rma_eosy_assessed,rma_eosy_assessment_rate,compliance_denominator,n_compliant,compliance_rate
110101,16,14,2,87.5,12.5,2552,2774,2751,99.170876,2753,2740,99.527786,2760,2665,96.557968,2749,2679,97.453621,16,2,12.5
110202,1,1,0,100,0,94,115,115,100,115,115,100,116,116,100,115,111,96.521736,1,0,0
110303,1,1,0,100,0,226,205,205,100,208,207,99.519234,217,199,91.70507,208,207,99.519234,1,0,0
110305,2,2,0,100,0,173,204,193,94.607841,198,189,95.454544,196,185,94.387756,190,190,100,2,0,0
110306,1,1,0,100,0,177,170,170,100,156,131,83.974358,225,225,100,233,233,100,1,0,0
110503,4,3,1,75,25,721,603,586,97.180763,600,567,94.5,576,546,94.791664,595,516,86.722687,4,1,25
110606,1,1,0,100,0,43,88,69,78.409088,80,79,98.75,80,73,91.25,79,79,100,1,0,0
110608,1,1,0,100,0,180,180,180,100,180,180,100,177,165,93.220337,180,164,91.111115,1,0,0
110701,3,3,0,100,0,1151,1188,1173,98.737373,1203,1203,100,1237,1066,86.176231,1231,1159,94.1511,3,0,0
111001,7,6,1,85.714287,14.285714,2366,2563,2519,98.283264,2550,2478,97.176468,2568,2394,93.224297,2592,2428,93.672836,7,1,14.285714
150101,2,1,1,50,50,5742,5555,5170,93.069305,5463,5241,95.936302,5487,2627,47.876801,5297,5058,95.488014,2,1,50
150301,3,3,0,100,0,8047,8177,8177,100,8092,8074,99.777557,7917,5589,70.594925,8012,7677,95.818771,3,0,0
150501,5,3,2,60,40,9701,9795,9176,93.68045,9650,9443,97.854919,9516,6278,65.973099,9528,9093,95.434509,5,2,40
150601,1,1,0,100,0,1836,1442,1315,91.192787,1379,1377,99.854965,1420,1191,83.873238,1360,1330,97.794121,1,0,0
150702,1,1,0,100,0,1365,1252,1172,93.610222,1228,1154,93.973938,1171,1141,97.438087,1230,1154,93.821136,1,0,0
150703,1,0,1,0,100,943,1300,1213,93.307693,1304,1155,88.573616,1212,455,37.541256,1287,1268,98.523697,1,1,100
150708,1,1,0,100,0,2403,2405,2276,94.636177,2424,2307,95.173264,2170,1356,62.48848,2398,2396,99.916595,1,0,0
150709,1,0,1,0,100,4769,4634,4299,92.770821,4622,4621,99.978363,4385,4046,92.269096,4510,4383,97.184036,1,1,100
150710,3,3,0,100,0,11176,10723,10619,99.030121,10625,10662,100.34824,10509,7113,67.684845,10466,10111,96.608063,3,0,0
150901,1,1,0,100,0,2946,3127,2950,94.339622,3122,3091,99.00705,3044,1242,40.801579,3059,2973,97.188622,1,0,0
151001,2,2,0,100,0,4058,3870,3870,100,4041,3840,95.025986,3956,2366,59.807888,3912,3863,98.747444,2,0,0
151101,3,2,1,66.666664,33.333332,4942,4419,4286,96.990273,4350,4311,99.103447,4471,4086,91.388954,4303,4234,98.396469,3,1,33.333332
151201,2,2,0,100,0,5657,5449,5449,100,5571,5545,99.533295,5396,3885,71.99778,5085,5075,99.803345,2,0,0
151301,3,1,2,33.333332,66.666664,14071,13609,12960,95.231094,13595,13578,99.874954,13324,11557,86.73822,13431,13241,98.585365,3,2,66.666664
151401,8,8,0,100,0,33879,30440,29055,95.450066,29471,28178,95.612633,30017,26061,86.820801,29533,28681,97.115089,8,0,0
151502,7,4,3,57.142857,42.857143,23716,20995,20884,99.471306,20638,20376,98.730499,20558,15828,76.991928,19793,19339,97.706261,7,3,42.857143
151601,4,4,0,100,0,7952,7892,7590,96.17334,7859,7815,99.440132,7490,6316,84.325768,7741,7609,98.294792,4,0,0
40101,2,2,0,100,0,15881,15527,15512,99.903397,15566,15540,99.83297,14952,14861,99.391388,15195,14349,94.432381,2,0,0
40201,1,1,0,100,0,2765,2660,2650,99.624062,2284,2210,96.760071,2366,2366,100,2643,2529,95.686722,1,0,0
40807,1,1,0,100,0,2215,2335,2335,100,2320,2320,100,2337,2337,100,2483,2483,100,1,0,0
40812,2,2,0,100,0,2933,2902,2902,100,2909,2909,100,2862,1419,49.580711,2818,2802,99.43222,2,0,0
40814,1,1,0,100,0,7960,8018,8018,100,8192,8186,99.926758,7850,6398,81.503181,7933,7866,99.155426,1,0,0
41001,2,2,0,100,0,11728,11591,11378,98.162369,11434,11412,99.807594,11179,11111,99.391716,10793,10697,99.110535,2,0,0
41101,1,0,1,0,100,3040,2651,2426,91.512634,2642,2642,100,2680,2238,83.507462,2642,2642,100,1,1,100
41301,1,1,0,100,0,1577,1606,1606,100,1606,1607,100.06226,1561,1561,100,1559,1559,100,1,0,0
41302,1,1,0,100,0,755,824,824,100,829,829,100,798,798,100,799,799,100,1,0,0
41303,1,1,0,100,0,2130,2244,2176,96.969696,2244,2244,100,2136,540,25.280899,2120,2112,99.622643,1,0,0
41308,2,0,2,0,100,2893,3121,3121,100,3144,3141,99.904579,3059,2902,94.867607,3059,3049,99.673096,2,2,100
41309,1,1,0,100,0,1210,1235,1235,100,1212,1212,100,1173,1173,100,1169,1168,99.914459,1,0,0
41312,1,1,0,100,0,7694,7881,7881,100,7809,7574,96.990654,7654,7267,94.943817,7597,7227,95.129654,1,0,0
41401,2,1,1,50,50,2745,2841,2814,99.049629,2749,2748,99.963623,2745,2592,94.426231,2728,2719,99.67009,2,1,50
41501,1,1,0,100,0,2517,2387,2387,100,2387,2346,98.282364,2399,2399,100,2400,2210,92.083336,1,0,0
41606,1,1,0,100,0,1941,1907,1907,100,1877,1637,87.213638,1810,1797,99.281769,1816,1802,99.229073,1,0,0
41703,1,1,0,100,0,3252,3345,3050,91.18087,2694,3252,120.71269,2055,2055,100,3273,3212,98.136269,1,0,0
41704,2,2,0,100,0,6788,6990,5946,85.064377,5905,5936,100.52498,5869,5869,100,5941,5852,98.501938,2,0,0
41705,1,1,0,100,0,2266,2262,2262,100,2268,2182,96.208115,2122,2089,98.444862,2268,2049,90.343918,1,0,0
41708,4,4,0,100,0,6172,5954,5873,98.639572,6220,6200,99.678459,5897,5061,85.823303,5998,5957,99.316437,4,0,0
41710,2,2,0,100,0,4367,4497,4464,99.266174,4527,4499,99.381493,4504,4245,94.249557,4450,4331,97.325844,2,0,0
41711,1,1,0,100,0,664,590,588,99.661018,626,626,100,616,579,93.993507,626,559,89.297127,1,0,0
41712,1,1,0,100,0,1300,1299,1299,100,1298,1298,100,1371,1289,94.018967,1354,1350,99.704582,1,0,0
41801,2,2,0,100,0,1643,1640,1576,96.097565,1655,1523,92.02417,1645,1645,100,1620,1491,92.037041,2,0,0
42001,1,1,0,100,0,5584,5280,5174,97.992424,5333,5290,99.193703,3530,3530,100,3419,2979,87.130737,1,0,0
42101,1,1,0,100,0,4631,4482,4396,98.081215,4127,3954,95.80809,4189,4144,98.925758,4238,3851,90.868332,1,0,0
42201,1,1,0,100,0,642,629,629,100,629,618,98.25119,609,609,100,631,621,98.415215,1,0,0
50101,1,1,0,100,0,580,527,527,100,522,495,94.827583,496,496,100,509,491,96.463654,1,0,0
50103,1,1,0,100,0,150,173,173,100,49,35,71.428574,173,173,100,174,174,100,1,0,0
50106,1,1,0,100,0,626,637,637,100,634,634,100,635,629,99.055115,628,621,98.885353,1,0,0
50107,1,0,1,0,100,310,318,318,100,318,312,98.113205,316,316,100,320,317,99.0625,1,1,100
50108,1,1,0,100,0,25,82,82,100,84,84,100,88,77,87.5,89,89,100,1,0,0
50110,2,2,0,100,0,708,702,702,100,702,702,100,702,524,74.643875,681,678,99.559471,2,0,0
50111,1,1,0,100,0,294,311,311,100,310,310,100,294,294,100,309,309,100,1,0,0
50112,2,2,0,100,0,1350,1296,1296,100,1295,1248,96.370659,1290,1279,99.147285,1313,1295,98.629097,2,0,0
50113,1,1,0,100,0,315,324,319,98.456787,342,336,98.245613,316,316,100,322,316,98.136642,1,0,0
50205,2,1,1,50,50,884,857,838,97.782967,842,814,96.674583,836,782,93.540672,835,779,93.293411,2,1,50
50206,1,1,0,100,0,262,230,230,100,233,233,100,221,150,67.873306,221,221,100,1,0,0
50302,1,1,0,100,0,522,550,538,97.818184,494,528,106.88259,551,509,92.377495,539,498,92.393318,1,0,0
50305,1,1,0,100,0,994,787,767,97.458702,778,779,100.12853,778,743,95.501282,751,693,92.276962,1,0,0
50306,2,2,0,100,0,1769,1637,1496,91.386681,1588,1547,97.418137,1635,1523,93.149849,1543,1538,99.675957,2,0,0
50310,2,2,0,100,0,359,381,381,100,358,324,90.502792,364,359,98.626373,339,333,98.230087,2,0,0
50311,2,1,1,50,50,480,529,513,96.975426,470,490,104.25532,521,509,97.696739,523,505,96.558319,2,1,50
50314,1,1,0,100,0,698,781,763,97.695259,806,806,100,770,764,99.220779,472,468,99.152542,1,0,0
50315,3,3,0,100,0,1280,1095,1052,96.073059,1092,1074,98.351646,1048,1034,98.664124,1008,951,94.345238,3,0,0
50316,2,2,0,100,0,1903,1960,1816,92.653061,1948,1904,97.741272,1948,1709,87.731003,1931,1879,97.307098,2,0,0
50317,2,2,0,100,0,420,447,447,100,341,340,99.706741,453,449,99.116997,408,403,98.774513,2,0,0
50320,1,1,0,100,0,177,170,170,100,171,169,98.830406,167,164,98.20359,168,152,90.476189,1,0,0
50325,1,1,0,100,0,916,944,944,100,940,940,100,906,883,97.461372,888,888,100,1,0,0
50328,1,1,0,100,0,382,368,364,98.91304,368,362,98.369568,342,342,100,368,362,98.369568,1,0,0
50330,1,1,0,100,0,361,335,335,100,335,334,99.701492,332,332,100,327,322,98.470947,1,0,0
50331,1,1,0,100,0,836,778,778,100,774,774,100,783,726,92.720306,753,752,99.867195,1,0,0
50332,1,1,0,100,0,492,410,408,99.512192,403,404,100.24814,395,380,96.20253,403,403,100,1,0,0
50333,1,1,0,100,0,533,345,343,99.420288,499,494,98.997993,323,323,100,484,454,93.801651,1,0,0
50334,1,1,0,100,0,671,765,720,94.117645,753,749,99.468788,749,678,90.520691,719,714,99.304588,1,0,0
50501,5,5,0,100,0,1738,1667,1656,99.340134,1655,1654,99.939575,1671,1455,87.073608,1658,1652,99.638115,5,0,0
50601,1,1,0,100,0,329,307,307,100,307,307,100,297,279,93.939392,297,295,99.326599,1,0,0
50701,2,2,0,100,0,1201,1284,1284,100,1278,1273,99.608765,1212,1160,95.709572,1247,1240,99.438652,2,0,0
50801,4,2,2,50,50,2791,2698,2698,100,2768,2764,99.855492,2781,2548,91.621719,2717,2626,96.650719,4,2,50
50802,2,2,0,100,0,315,339,339,100,338,338,100,338,288,85.2071,335,310,92.537315,2,0,0
50803,3,1,2,33.333332,66.666664,1071,1022,1020,99.804306,976,1012,103.68852,997,983,98.595787,1013,1003,99.012833,3,2,66.666664
50804,2,1,1,50,50,667,728,728,100,728,728,100,295,293,99.322037,706,703,99.575073,2,1,50
50805,1,0,1,0,100,322,293,291,99.317406,293,292,99.658707,285,285,100,293,278,94.880547,1,1,100
50806,3,2,1,66.666664,33.333332,1525,1320,1320,100,1330,1326,99.699249,1285,1279,99.533073,1254,1203,95.933014,3,1,33.333332
50808,1,1,0,100,0,385,302,302,100,302,296,98.013245,308,308,100,295,295,100,1,0,0
50811,1,0,1,0,100,504,509,509,100,540,515,95.370369,485,485,100,493,493,100,1,1,100
50812,2,1,1,50,50,1332,1312,1301,99.161583,1310,1269,96.870232,1308,1189,90.902138,1302,1287,98.847923,2,1,50
50815,1,0,1,0,100,346,293,290,98.976112,294,294,100,280,272,97.14286,282,282,100,1,1,100
50816,2,2,0,100,0,658,584,580,99.315071,581,580,99.827881,577,571,98.960136,565,550,97.345131,2,0,0
50817,2,2,0,100,0,1181,1026,1026,100,1149,1149,100,1130,1046,92.566368,1129,1091,96.634186,2,0,0
50818,2,0,2,0,100,524,487,473,97.125259,493,491,99.594322,500,500,100,490,489,99.795921,2,2,100
50819,3,3,0,100,0,649,617,603,97.730957,600,600,100,615,585,95.121948,581,575,98.9673,3,0,0
50820,1,0,1,0,100,506,486,439,90.329216,452,452,100,442,431,97.511314,436,436,100,1,1,100
50901,1,1,0,100,0,635,683,621,90.922401,660,660,100,635,635,100,637,637,100,1,0,0
51102,1,1,0,100,0,181,197,197,100,187,191,102.13904,205,191,93.170731,197,194,98.477158,1,0,0
51103,1,1,0,100,0,985,1050,1047,99.714287,1030,1025,99.514565,1047,1032,98.567337,1028,942,91.634239,1,0,0
51105,2,2,0,100,0,788,807,773,95.786865,799,780,97.622025,797,448,56.210789,791,685,86.599243,2,0,0
51106,1,1,0,100,0,440,430,430,100,426,426,100,424,424,100,426,426,100,1,0,0
51107,1,1,0,100,0,397,372,372,100,370,368,99.459457,351,342,97.435898,337,337,100,1,0,0
51301,4,4,0,100,0,3430,3430,3413,99.504372,2500,2458,98.32,3422,3091,90.327293,3236,3201,98.918419,4,0,0
70101,1,1,0,100,0,477,468,468,100,470,464,98.723404,511,511,100,510,414,81.176468,1,0,0
70301,1,1,0,100,0,232,253,252,99.604744,270,270,100,265,265,100,265,265,100,1,0,0
70302,1,0,1,0,100,328,303,303,100,303,303,100,299,299,100,299,299,100,1,1,100
70303,1,0,1,0,100,147,164,164,100,163,163,100,162,160,98.765434,164,163,99.390244,1,1,100
70304,2,1,1,50,50,389,378,378,100,377,377,100,362,270,74.585632,360,360,100,2,1,50
70305,1,1,0,100,0,64,60,60,100,59,59,100,62,62,100,62,62,100,1,0,0
70308,1,0,1,0,100,371,352,352,100,354,354,100,343,343,100,345,334,96.811592,1,1,100
70309,2,0,2,0,100,773,849,848,99.882217,842,842,100,792,792,100,791,790,99.873581,2,2,100
70401,1,1,0,100,0,111,126,126,100,124,124,100,125,123,98.400002,123,123,100,1,0,0
70506,1,1,0,100,0,144,136,126,92.647057,137,125,91.240875,125,120,96,125,125,100,1,0,0
70507,1,1,0,100,0,432,443,430,97.06546,443,431,97.291199,431,313,72.621811,428,427,99.766357,1,0,0
70512,1,1,0,100,0,183,174,169,97.126434,175,172,98.285713,172,146,84.88372,172,170,98.837212,1,0,0
70517,1,1,0,100,0,383,402,401,99.751244,404,401,99.257423,380,380,100,386,368,95.336784,1,0,0
70518,1,1,0,100,0,717,730,727,99.589043,733,722,98.499321,737,704,95.522385,733,710,96.862213,1,0,0
70520,1,1,0,100,0,95,80,71,88.75,80,83,103.75,79,79,100,79,76,96.20253,1,0,0
70521,1,1,0,100,0,265,323,323,100,322,322,100,311,114,36.655949,310,308,99.354836,1,0,0
70522,2,2,0,100,0,650,669,643,96.113602,612,597,97.549019,614,572,93.159607,391,391,100,2,0,0
70525,3,3,0,100,0,619,758,611,80.606857,752,750,99.734039,600,499,83.166664,739,736,99.594048,3,0,0
70527,3,3,0,100,0,885,829,804,96.984322,832,808,97.115387,807,769,95.291199,809,805,99.505562,3,0,0
70528,1,1,0,100,0,214,204,204,100,204,204,100,200,200,100,189,189,100,1,0,0
70529,1,1,0,100,0,512,488,488,100,487,487,100,468,438,93.589745,469,468,99.786781,1,0,0
70530,1,1,0,100,0,250,265,265,100,265,240,90.56604,265,222,83.773582,262,250,95.419846,1,0,0
70532,1,1,0,100,0,278,276,276,100,280,285,101.78571,264,251,95.07576,264,234,88.63636,1,0,0
70601,1,1,0,100,0,290,312,312,100,309,308,99.676376,298,298,100,299,298,99.66555,1,0,0
70701,2,2,0,100,0,519,457,457,100,458,461,100.65502,430,430,100,101,101,100,2,0,0
70801,7,7,0,100,0,1763,1847,1838,99.512726,1854,1854,100,1828,1750,95.73304,1821,1807,99.231194,7,0,0
70901,1,1,0,100,0,223,208,202,97.115387,201,201,100,196,183,93.367348,196,187,95.408165,1,0,0
71001,2,2,0,100,0,673,741,700,94.466934,735,710,96.59864,697,644,92.395981,704,691,98.153412,2,0,0
71002,1,1,0,100,0,283,250,250,100,251,251,100,250,218,87.199997,249,217,87.148598,1,0,0
71101,1,1,0,100,0,481,485,485,100,485,485,100,483,483,100,0,0,,1,0,0
71303,1,1,0,100,0,461,529,514,97.164459,514,509,99.027237,489,482,98.568504,494,489,98.987854,1,0,0
71306,1,1,0,100,0,135,142,129,90.84507,138,136,98.550728,118,110,93.220337,112,112,100,1,0,0
71402,1,1,0,100,0,286,241,241,100,245,245,100,238,238,100,244,244,100,1,0,0
