school_id,time_point,grade,assessed_count,summed_proficiency_count,discrepancy_count,has_discrepancy
301143,BoSY,Grade 10,911,911,0,FALSE
301143,BoSY,Grade 7,1241,1241,0,FALSE
301143,BoSY,Grade 8,1069,1069,0,FALSE
301143,BoSY,Grade 9,733,733,0,FALSE
301143,EoSY,Grade 10,984,984,0,FALSE
301143,EoSY,Grade 7,1099,1099,0,FALSE
301143,EoSY,Grade 8,1052,1052,0,FALSE
301143,EoSY,Grade 9,716,716,0,FALSE
301175,BoSY,Grade 10,549,549,0,FALSE
301175,BoSY,Grade 7,697,697,0,FALSE
301175,BoSY,Grade 8,567,567,0,FALSE
301175,BoSY,Grade 9,507,507,0,FALSE
301175,EoSY,Grade 10,501,501,0,FALSE
301175,EoSY,Grade 7,683,683,0,FALSE
301175,EoSY,Grade 8,817,817,0,FALSE
301175,EoSY,Grade 9,482,482,0,FALSE
301184,BoSY,Grade 10,965,965,0,FALSE
301184,BoSY,Grade 7,1327,1327,0,FALSE
301184,BoSY,Grade 8,1125,1125,0,FALSE
301184,BoSY,Grade 9,926,926,0,FALSE
301184,EoSY,Grade 10,911,911,0,FALSE
301184,EoSY,Grade 7,1235,1235,0,FALSE
301184,EoSY,Grade 8,1052,1052,0,FALSE
301184,EoSY,Grade 9,862,862,0,FALSE
301186,BoSY,Grade 10,1581,1581,0,FALSE
301186,BoSY,Grade 7,2144,2144,0,FALSE
301186,BoSY,Grade 8,1818,1818,0,FALSE
301186,BoSY,Grade 9,1526,1526,0,FALSE
301186,EoSY,Grade 10,1392,1392,0,FALSE
301186,EoSY,Grade 7,2044,2044,0,FALSE
301186,EoSY,Grade 8,1731,1731,0,FALSE
301186,EoSY,Grade 9,1470,1470,0,FALSE
301188,BoSY,Grade 10,653,653,0,FALSE
301188,BoSY,Grade 7,454,454,0,FALSE
301188,BoSY,Grade 8,488,488,0,FALSE
301188,BoSY,Grade 9,615,615,0,FALSE
301188,EoSY,Grade 10,587,587,0,FALSE
301188,EoSY,Grade 7,691,691,0,FALSE
301188,EoSY,Grade 8,641,641,0,FALSE
301188,EoSY,Grade 9,610,610,0,FALSE
301197,BoSY,Grade 10,348,348,0,FALSE
301197,BoSY,Grade 7,443,443,0,FALSE
301197,BoSY,Grade 8,336,336,0,FALSE
301197,BoSY,Grade 9,358,358,0,FALSE
301197,EoSY,Grade 10,337,337,0,FALSE
301197,EoSY,Grade 7,430,430,0,FALSE
301197,EoSY,Grade 8,298,298,0,FALSE
301197,EoSY,Grade 9,348,348,0,FALSE
301202,BoSY,Grade 10,320,320,0,FALSE
301202,BoSY,Grade 7,431,431,0,FALSE
301202,BoSY,Grade 8,374,374,0,FALSE
301202,BoSY,Grade 9,299,299,0,FALSE
301202,EoSY,Grade 10,314,314,0,FALSE
301202,EoSY,Grade 7,416,416,0,FALSE
301202,EoSY,Grade 8,374,374,0,FALSE
301202,EoSY,Grade 9,285,285,0,FALSE
301214,BoSY,Grade 10,715,715,0,FALSE
301214,BoSY,Grade 7,645,645,0,FALSE
301214,BoSY,Grade 8,628,628,0,FALSE
301214,BoSY,Grade 9,654,654,0,FALSE
301214,EoSY,Grade 10,715,715,0,FALSE
301214,EoSY,Grade 7,645,645,0,FALSE
301214,EoSY,Grade 8,628,628,0,FALSE
301214,EoSY,Grade 9,654,654,0,FALSE
301218,BoSY,Grade 10,1823,1823,0,FALSE
301218,BoSY,Grade 7,2316,2316,0,FALSE
301218,BoSY,Grade 8,2164,2164,0,FALSE
301218,BoSY,Grade 9,1883,1883,0,FALSE
301218,EoSY,Grade 10,1763,1763,0,FALSE
301218,EoSY,Grade 7,2225,2225,0,FALSE
301218,EoSY,Grade 8,2073,2073,0,FALSE
301218,EoSY,Grade 9,1805,1805,0,FALSE
301227,BoSY,Grade 10,1249,1249,0,FALSE
301227,BoSY,Grade 7,1589,1589,0,FALSE
301227,BoSY,Grade 8,1430,1430,0,FALSE
301227,BoSY,Grade 9,1022,1022,0,FALSE
301227,EoSY,Grade 10,792,792,0,FALSE
301227,EoSY,Grade 7,808,808,0,FALSE
301227,EoSY,Grade 8,817,817,0,FALSE
301227,EoSY,Grade 9,562,562,0,FALSE
301231,BoSY,Grade 10,190,190,0,FALSE
301231,BoSY,Grade 7,235,235,0,FALSE
301231,BoSY,Grade 8,238,238,0,FALSE
301231,BoSY,Grade 9,166,166,0,FALSE
301231,EoSY,Grade 10,183,183,0,FALSE
301231,EoSY,Grade 7,225,225,0,FALSE
301231,EoSY,Grade 8,234,234,0,FALSE
301231,EoSY,Grade 9,157,157,0,FALSE
301236,BoSY,Grade 10,239,239,0,FALSE
301236,BoSY,Grade 7,346,346,0,FALSE
301236,BoSY,Grade 8,337,337,0,FALSE
301236,BoSY,Grade 9,259,259,0,FALSE
301236,EoSY,Grade 10,238,238,0,FALSE
301236,EoSY,Grade 7,324,324,0,FALSE
301236,EoSY,Grade 8,325,325,0,FALSE
301236,EoSY,Grade 9,245,245,0,FALSE
301238,BoSY,Grade 10,513,513,0,FALSE
301238,BoSY,Grade 7,658,658,0,FALSE
301238,BoSY,Grade 8,621,621,0,FALSE
301238,BoSY,Grade 9,452,452,0,FALSE
301238,EoSY,Grade 10,486,486,0,FALSE
301238,EoSY,Grade 7,639,639,0,FALSE
301238,EoSY,Grade 8,546,546,0,FALSE
301238,EoSY,Grade 9,441,441,0,FALSE
301257,BoSY,Grade 10,1890,1890,0,FALSE
301257,BoSY,Grade 7,1974,1974,0,FALSE
301257,BoSY,Grade 8,1989,1989,0,FALSE
301257,BoSY,Grade 9,1721,1721,0,FALSE
301257,EoSY,Grade 10,1827,1827,0,FALSE
301257,EoSY,Grade 7,1933,1933,0,FALSE
301257,EoSY,Grade 8,1798,1798,0,FALSE
301257,EoSY,Grade 9,1669,1669,0,FALSE
301258,BoSY,Grade 10,472,472,0,FALSE
301258,BoSY,Grade 7,546,546,0,FALSE
301258,BoSY,Grade 8,555,555,0,FALSE
301258,BoSY,Grade 9,387,387,0,FALSE
301258,EoSY,Grade 10,467,467,0,FALSE
301258,EoSY,Grade 7,536,536,0,FALSE
301258,EoSY,Grade 8,539,539,0,FALSE
301258,EoSY,Grade 9,375,375,0,FALSE
301265,BoSY,Grade 10,396,396,0,FALSE
301265,BoSY,Grade 7,412,412,0,FALSE
301265,BoSY,Grade 8,451,451,0,FALSE
301265,BoSY,Grade 9,348,348,0,FALSE
301265,EoSY,Grade 10,373,373,0,FALSE
301265,EoSY,Grade 7,425,425,0,FALSE
301265,EoSY,Grade 8,433,433,0,FALSE
301265,EoSY,Grade 9,328,328,0,FALSE
301403,BoSY,Grade 10,434,434,0,FALSE
301403,BoSY,Grade 7,339,339,0,FALSE
301403,BoSY,Grade 8,514,514,0,FALSE
301403,BoSY,Grade 9,350,350,0,FALSE
301403,EoSY,Grade 10,423,423,0,FALSE
301403,EoSY,Grade 7,548,548,0,FALSE
301403,EoSY,Grade 8,490,490,0,FALSE
301403,EoSY,Grade 9,341,341,0,FALSE
301416,BoSY,Grade 10,125,125,0,FALSE
301416,BoSY,Grade 7,200,200,0,FALSE
301416,BoSY,Grade 8,158,158,0,FALSE
301416,BoSY,Grade 9,135,135,0,FALSE
301416,EoSY,Grade 10,126,126,0,FALSE
301416,EoSY,Grade 7,199,199,0,FALSE
301416,EoSY,Grade 8,161,161,0,FALSE
301416,EoSY,Grade 9,135,135,0,FALSE
301418,BoSY,Grade 10,2668,2668,0,FALSE
301418,BoSY,Grade 7,3468,3468,0,FALSE
301418,BoSY,Grade 8,3060,3060,0,FALSE
301418,BoSY,Grade 9,2590,2590,0,FALSE
301418,EoSY,Grade 10,2487,2487,0,FALSE
301418,EoSY,Grade 7,3110,3110,0,FALSE
301418,EoSY,Grade 8,2800,2800,0,FALSE
301418,EoSY,Grade 9,2300,2300,0,FALSE
301425,BoSY,Grade 10,847,847,0,FALSE
301425,BoSY,Grade 7,1057,1057,0,FALSE
301425,BoSY,Grade 8,1041,1041,0,FALSE
301425,BoSY,Grade 9,809,809,0,FALSE
301425,EoSY,Grade 10,826,826,0,FALSE
301425,EoSY,Grade 7,1032,1032,0,FALSE
301425,EoSY,Grade 8,1020,1020,0,FALSE
301425,EoSY,Grade 9,774,774,0,FALSE
301432,BoSY,Grade 10,489,489,0,FALSE
301432,BoSY,Grade 7,632,632,0,FALSE
301432,BoSY,Grade 8,584,584,0,FALSE
301432,BoSY,Grade 9,477,477,0,FALSE
301432,EoSY,Grade 10,442,442,0,FALSE
301432,EoSY,Grade 7,609,609,0,FALSE
301432,EoSY,Grade 8,552,552,0,FALSE
301432,EoSY,Grade 9,446,446,0,FALSE
301437,BoSY,Grade 10,920,920,0,FALSE
301437,BoSY,Grade 7,1040,1040,0,FALSE
301437,BoSY,Grade 8,1061,1061,0,FALSE
301437,BoSY,Grade 9,920,920,0,FALSE
301437,EoSY,Grade 10,916,916,0,FALSE
301437,EoSY,Grade 7,1040,1040,0,FALSE
301437,EoSY,Grade 8,1061,1061,0,FALSE
301437,EoSY,Grade 9,919,919,0,FALSE
301438,BoSY,Grade 10,450,450,0,FALSE
301438,BoSY,Grade 7,543,543,0,FALSE
301438,BoSY,Grade 8,546,546,0,FALSE
301438,BoSY,Grade 9,456,456,0,FALSE
301438,EoSY,Grade 10,435,435,0,FALSE
301438,EoSY,Grade 7,524,524,0,FALSE
301438,EoSY,Grade 8,514,514,0,FALSE
301438,EoSY,Grade 9,443,443,0,FALSE
301451,BoSY,Grade 10,285,285,0,FALSE
301451,BoSY,Grade 7,380,380,0,FALSE
301451,BoSY,Grade 8,368,368,0,FALSE
301451,BoSY,Grade 9,276,276,0,FALSE
301451,EoSY,Grade 10,280,280,0,FALSE
301451,EoSY,Grade 7,370,370,0,FALSE
301451,EoSY,Grade 8,362,362,0,FALSE
301451,EoSY,Grade 9,254,254,0,FALSE
301456,BoSY,Grade 10,492,492,0,FALSE
301456,BoSY,Grade 7,641,641,0,FALSE
301456,BoSY,Grade 8,659,659,0,FALSE
301456,BoSY,Grade 9,445,445,0,FALSE
301456,EoSY,Grade 10,491,491,0,FALSE
301456,EoSY,Grade 7,642,642,0,FALSE
301456,EoSY,Grade 8,625,625,0,FALSE
301456,EoSY,Grade 9,442,442,0,FALSE
301464,BoSY,Grade 10,546,546,0,FALSE
301464,BoSY,Grade 7,659,659,0,FALSE
301464,BoSY,Grade 8,543,543,0,FALSE
301464,BoSY,Grade 9,514,514,0,FALSE
301464,EoSY,Grade 10,516,516,0,FALSE
301464,EoSY,Grade 7,642,642,0,FALSE
301464,EoSY,Grade 8,476,476,0,FALSE
301464,EoSY,Grade 9,497,497,0,FALSE
301489,BoSY,Grade 10,294,294,0,FALSE
301489,BoSY,Grade 7,325,325,0,FALSE
301489,BoSY,Grade 8,333,333,0,FALSE
301489,BoSY,Grade 9,290,290,0,FALSE
301489,EoSY,Grade 10,293,293,0,FALSE
301489,EoSY,Grade 7,377,377,0,FALSE
301489,EoSY,Grade 8,314,314,0,FALSE
301489,EoSY,Grade 9,292,292,0,FALSE
301497,BoSY,Grade 10,356,356,0,FALSE
301497,BoSY,Grade 7,445,445,0,FALSE
301497,BoSY,Grade 8,377,377,0,FALSE
301497,BoSY,Grade 9,328,328,0,FALSE
301497,EoSY,Grade 10,344,344,0,FALSE
301497,EoSY,Grade 7,424,424,0,FALSE
301497,EoSY,Grade 8,356,356,0,FALSE
301497,EoSY,Grade 9,319,319,0,FALSE
301507,BoSY,Grade 10,130,130,0,FALSE
301507,BoSY,Grade 7,130,130,0,FALSE
301507,BoSY,Grade 8,123,123,0,FALSE
301507,BoSY,Grade 9,123,123,0,FALSE
301507,EoSY,Grade 10,124,124,0,FALSE
301507,EoSY,Grade 7,129,129,0,FALSE
301507,EoSY,Grade 8,121,121,0,FALSE
301507,EoSY,Grade 9,100,100,0,FALSE
301508,BoSY,Grade 10,243,243,0,FALSE
301508,BoSY,Grade 7,258,258,0,FALSE
301508,BoSY,Grade 8,268,268,0,FALSE
301508,BoSY,Grade 9,248,248,0,FALSE
301508,EoSY,Grade 10,233,233,0,FALSE
301508,EoSY,Grade 7,258,258,0,FALSE
301508,EoSY,Grade 8,284,284,0,FALSE
301508,EoSY,Grade 9,242,242,0,FALSE
301816,BoSY,Grade 10,144,144,0,FALSE
301816,BoSY,Grade 7,99,99,0,FALSE
301816,BoSY,Grade 8,141,141,0,FALSE
301816,BoSY,Grade 9,111,111,0,FALSE
301816,EoSY,Grade 10,144,144,0,FALSE
301816,EoSY,Grade 7,111,111,0,FALSE
301816,EoSY,Grade 8,141,141,0,FALSE
301816,EoSY,Grade 9,95,95,0,FALSE
301817,BoSY,Grade 10,100,100,0,FALSE
301817,BoSY,Grade 7,114,114,0,FALSE
301817,BoSY,Grade 8,113,113,0,FALSE
301817,BoSY,Grade 9,79,79,0,FALSE
301817,EoSY,Grade 10,94,94,0,FALSE
301817,EoSY,Grade 7,114,114,0,FALSE
301817,EoSY,Grade 8,92,92,0,FALSE
301817,EoSY,Grade 9,76,76,0,FALSE
301826,BoSY,Grade 10,13,13,0,FALSE
301826,BoSY,Grade 7,0,0,0,FALSE
301826,BoSY,Grade 8,10,10,0,FALSE
301826,BoSY,Grade 9,12,12,0,FALSE
301826,EoSY,Grade 10,40,40,0,FALSE
301826,EoSY,Grade 7,56,56,0,FALSE
301826,EoSY,Grade 8,43,43,0,FALSE
301826,EoSY,Grade 9,35,35,0,FALSE
301834,BoSY,Grade 10,155,155,0,FALSE
301834,BoSY,Grade 7,163,163,0,FALSE
301834,BoSY,Grade 8,178,178,0,FALSE
301834,BoSY,Grade 9,138,138,0,FALSE
301834,EoSY,Grade 10,155,155,0,FALSE
301834,EoSY,Grade 7,161,161,0,FALSE
301834,EoSY,Grade 8,177,177,0,FALSE
301834,EoSY,Grade 9,128,128,0,FALSE
301839,BoSY,Grade 10,71,71,0,FALSE
301839,BoSY,Grade 7,90,90,0,FALSE
301839,BoSY,Grade 8,85,85,0,FALSE
301839,BoSY,Grade 9,64,64,0,FALSE
301839,EoSY,Grade 10,71,71,0,FALSE
301839,EoSY,Grade 7,89,89,0,FALSE
301839,EoSY,Grade 8,85,85,0,FALSE
301839,EoSY,Grade 9,64,64,0,FALSE
301862,BoSY,Grade 10,202,202,0,FALSE
301862,BoSY,Grade 7,247,247,0,FALSE
301862,BoSY,Grade 8,227,227,0,FALSE
301862,BoSY,Grade 9,191,191,0,FALSE
301862,EoSY,Grade 10,196,196,0,FALSE
301862,EoSY,Grade 7,244,244,0,FALSE
301862,EoSY,Grade 8,233,233,0,FALSE
301862,EoSY,Grade 9,191,191,0,FALSE
301868,BoSY,Grade 10,210,210,0,FALSE
301868,BoSY,Grade 7,201,201,0,FALSE
301868,BoSY,Grade 8,240,240,0,FALSE
301868,BoSY,Grade 9,176,176,0,FALSE
301868,EoSY,Grade 10,236,236,0,FALSE
301868,EoSY,Grade 7,231,231,0,FALSE
301868,EoSY,Grade 8,237,237,0,FALSE
301868,EoSY,Grade 9,174,174,0,FALSE
301870,BoSY,Grade 10,116,116,0,FALSE
301870,BoSY,Grade 7,124,124,0,FALSE
301870,BoSY,Grade 8,148,148,0,FALSE
301870,BoSY,Grade 9,67,67,0,FALSE
301870,EoSY,Grade 10,104,104,0,FALSE
301870,EoSY,Grade 7,124,124,0,FALSE
301870,EoSY,Grade 8,138,138,0,FALSE
301870,EoSY,Grade 9,67,67,0,FALSE
301871,BoSY,Grade 10,81,81,0,FALSE
301871,BoSY,Grade 7,73,73,0,FALSE
301871,BoSY,Grade 8,91,91,0,FALSE
301871,BoSY,Grade 9,67,67,0,FALSE
301871,EoSY,Grade 10,82,82,0,FALSE
301871,EoSY,Grade 7,73,73,0,FALSE
301871,EoSY,Grade 8,97,97,0,FALSE
301871,EoSY,Grade 9,65,65,0,FALSE
301887,BoSY,Grade 10,71,71,0,FALSE
301887,BoSY,Grade 7,101,101,0,FALSE
301887,BoSY,Grade 8,72,72,0,FALSE
301887,BoSY,Grade 9,70,70,0,FALSE
301887,EoSY,Grade 10,66,66,0,FALSE
301887,EoSY,Grade 7,99,99,0,FALSE
301887,EoSY,Grade 8,66,66,0,FALSE
301887,EoSY,Grade 9,69,69,0,FALSE
301899,BoSY,Grade 10,114,114,0,FALSE
301899,BoSY,Grade 7,132,132,0,FALSE
301899,BoSY,Grade 8,143,143,0,FALSE
301899,BoSY,Grade 9,111,111,0,FALSE
301899,EoSY,Grade 10,114,114,0,FALSE
301899,EoSY,Grade 7,127,127,0,FALSE
301899,EoSY,Grade 8,135,135,0,FALSE
301899,EoSY,Grade 9,103,103,0,FALSE
301900,BoSY,Grade 10,40,40,0,FALSE
301900,BoSY,Grade 7,71,71,0,FALSE
301900,BoSY,Grade 8,70,70,0,FALSE
301900,BoSY,Grade 9,52,52,0,FALSE
301900,EoSY,Grade 10,40,40,0,FALSE
301900,EoSY,Grade 7,69,69,0,FALSE
301900,EoSY,Grade 8,59,59,0,FALSE
301900,EoSY,Grade 9,53,53,0,FALSE
301930,BoSY,Grade 10,78,78,0,FALSE
301930,BoSY,Grade 7,100,100,0,FALSE
301930,BoSY,Grade 8,111,111,0,FALSE
301930,BoSY,Grade 9,73,73,0,FALSE
301930,EoSY,Grade 10,78,78,0,FALSE
301930,EoSY,Grade 7,100,100,0,FALSE
301930,EoSY,Grade 8,111,111,0,FALSE
301930,EoSY,Grade 9,73,73,0,FALSE
301947,BoSY,Grade 10,348,348,0,FALSE
301947,BoSY,Grade 7,365,365,0,FALSE
301947,BoSY,Grade 8,355,355,0,FALSE
301947,BoSY,Grade 9,290,290,0,FALSE
301947,EoSY,Grade 10,336,336,0,FALSE
301947,EoSY,Grade 7,365,365,0,FALSE
301947,EoSY,Grade 8,344,344,0,FALSE
301947,EoSY,Grade 9,312,312,0,FALSE
301963,BoSY,Grade 10,148,148,0,FALSE
301963,BoSY,Grade 7,220,220,0,FALSE
301963,BoSY,Grade 8,218,218,0,FALSE
301963,BoSY,Grade 9,157,157,0,FALSE
301963,EoSY,Grade 10,148,148,0,FALSE
301963,EoSY,Grade 7,223,223,0,FALSE
301963,EoSY,Grade 8,262,262,0,FALSE
301963,EoSY,Grade 9,157,157,0,FALSE
301974,BoSY,Grade 10,52,52,0,FALSE
301974,BoSY,Grade 7,87,87,0,FALSE
301974,BoSY,Grade 8,85,85,0,FALSE
301974,BoSY,Grade 9,45,45,0,FALSE
301974,EoSY,Grade 10,52,52,0,FALSE
301974,EoSY,Grade 7,88,88,0,FALSE
301974,EoSY,Grade 8,86,86,0,FALSE
301974,EoSY,Grade 9,46,46,0,FALSE
301984,BoSY,Grade 10,189,189,0,FALSE
301984,BoSY,Grade 7,225,225,0,FALSE
301984,BoSY,Grade 8,187,187,0,FALSE
301984,BoSY,Grade 9,173,173,0,FALSE
301984,EoSY,Grade 10,178,178,0,FALSE
301984,EoSY,Grade 7,220,220,0,FALSE
301984,EoSY,Grade 8,183,183,0,FALSE
301984,EoSY,Grade 9,171,171,0,FALSE
301986,BoSY,Grade 10,161,161,0,FALSE
301986,BoSY,Grade 7,216,216,0,FALSE
301986,BoSY,Grade 8,194,194,0,FALSE
301986,BoSY,Grade 9,178,178,0,FALSE
301986,EoSY,Grade 10,151,151,0,FALSE
301986,EoSY,Grade 7,202,202,0,FALSE
301986,EoSY,Grade 8,177,177,0,FALSE
301986,EoSY,Grade 9,184,184,0,FALSE
301990,BoSY,Grade 10,26,26,0,FALSE
301990,BoSY,Grade 7,21,21,0,FALSE
301990,BoSY,Grade 8,40,40,0,FALSE
301990,BoSY,Grade 9,23,23,0,FALSE
301990,EoSY,Grade 10,40,40,0,FALSE
301990,EoSY,Grade 7,48,48,0,FALSE
301990,EoSY,Grade 8,45,45,0,FALSE
301990,EoSY,Grade 9,40,40,0,FALSE
301995,BoSY,Grade 10,56,56,0,FALSE
301995,BoSY,Grade 7,62,62,0,FALSE
301995,BoSY,Grade 8,22,22,0,FALSE
301995,BoSY,Grade 9,70,70,0,FALSE
301995,EoSY,Grade 10,52,52,0,FALSE
301995,EoSY,Grade 7,59,59,0,FALSE
301995,EoSY,Grade 8,57,57,0,FALSE
301995,EoSY,Grade 9,55,55,0,FALSE
302011,BoSY,Grade 10,172,172,0,FALSE
302011,BoSY,Grade 7,244,244,0,FALSE
302011,BoSY,Grade 8,214,214,0,FALSE
302011,BoSY,Grade 9,176,176,0,FALSE
302011,EoSY,Grade 10,75,75,0,FALSE
302011,EoSY,Grade 7,199,199,0,FALSE
302011,EoSY,Grade 8,92,92,0,FALSE
302011,EoSY,Grade 9,102,102,0,FALSE
302014,BoSY,Grade 10,105,105,0,FALSE
302014,BoSY,Grade 7,165,165,0,FALSE
302014,BoSY,Grade 8,134,134,0,FALSE
302014,BoSY,Grade 9,124,124,0,FALSE
302014,EoSY,Grade 10,101,101,0,FALSE
302014,EoSY,Grade 7,148,148,0,FALSE
302014,EoSY,Grade 8,139,139,0,FALSE
302014,EoSY,Grade 9,110,110,0,FALSE
302039,BoSY,Grade 10,249,249,0,FALSE
302039,BoSY,Grade 7,361,361,0,FALSE
302039,BoSY,Grade 8,297,297,0,FALSE
302039,BoSY,Grade 9,254,254,0,FALSE
302039,EoSY,Grade 10,233,233,0,FALSE
302039,EoSY,Grade 7,330,330,0,FALSE
302039,EoSY,Grade 8,292,292,0,FALSE
302039,EoSY,Grade 9,234,234,0,FALSE
302043,BoSY,Grade 10,197,197,0,FALSE
302043,BoSY,Grade 7,227,227,0,FALSE
302043,BoSY,Grade 8,176,176,0,FALSE
302043,BoSY,Grade 9,179,179,0,FALSE
302043,EoSY,Grade 10,187,187,0,FALSE
302043,EoSY,Grade 7,200,200,0,FALSE
302043,EoSY,Grade 8,150,150,0,FALSE
302043,EoSY,Grade 9,156,156,0,FALSE
302054,BoSY,Grade 10,95,95,0,FALSE
302054,BoSY,Grade 7,114,114,0,FALSE
302054,BoSY,Grade 8,119,119,0,FALSE
302054,BoSY,Grade 9,95,95,0,FALSE
302054,EoSY,Grade 10,92,92,0,FALSE
302054,EoSY,Grade 7,102,102,0,FALSE
302054,EoSY,Grade 8,115,115,0,FALSE
302054,EoSY,Grade 9,87,87,0,FALSE
302058,BoSY,Grade 10,116,116,0,FALSE
302058,BoSY,Grade 7,138,138,0,FALSE
302058,BoSY,Grade 8,112,112,0,FALSE
302058,BoSY,Grade 9,128,128,0,FALSE
302058,EoSY,Grade 10,105,105,0,FALSE
302058,EoSY,Grade 7,124,124,0,FALSE
302058,EoSY,Grade 8,102,102,0,FALSE
302058,EoSY,Grade 9,123,123,0,FALSE
302061,BoSY,Grade 10,56,56,0,FALSE
302061,BoSY,Grade 7,82,82,0,FALSE
302061,BoSY,Grade 8,43,43,0,FALSE
302061,BoSY,Grade 9,40,40,0,FALSE
302061,EoSY,Grade 10,51,51,0,FALSE
302061,EoSY,Grade 7,79,79,0,FALSE
302061,EoSY,Grade 8,58,58,0,FALSE
302061,EoSY,Grade 9,45,45,0,FALSE
302109,BoSY,Grade 10,240,240,0,FALSE
302109,BoSY,Grade 7,275,275,0,FALSE
302109,BoSY,Grade 8,256,256,0,FALSE
302109,BoSY,Grade 9,206,206,0,FALSE
302109,EoSY,Grade 10,237,237,0,FALSE
302109,EoSY,Grade 7,251,251,0,FALSE
302109,EoSY,Grade 8,243,243,0,FALSE
302109,EoSY,Grade 9,193,193,0,FALSE
302111,BoSY,Grade 10,467,467,0,FALSE
302111,BoSY,Grade 7,540,540,0,FALSE
302111,BoSY,Grade 8,465,465,0,FALSE
302111,BoSY,Grade 9,437,437,0,FALSE
302111,EoSY,Grade 10,444,444,0,FALSE
302111,EoSY,Grade 7,516,516,0,FALSE
302111,EoSY,Grade 8,441,441,0,FALSE
302111,EoSY,Grade 9,400,400,0,FALSE
302113,BoSY,Grade 10,88,88,0,FALSE
302113,BoSY,Grade 7,99,99,0,FALSE
302113,BoSY,Grade 8,108,108,0,FALSE
302113,BoSY,Grade 9,59,59,0,FALSE
302113,EoSY,Grade 10,83,83,0,FALSE
302113,EoSY,Grade 7,98,98,0,FALSE
302113,EoSY,Grade 8,110,110,0,FALSE
302113,EoSY,Grade 9,62,62,0,FALSE
302117,BoSY,Grade 10,72,72,0,FALSE
302117,BoSY,Grade 7,93,93,0,FALSE
302117,BoSY,Grade 8,67,67,0,FALSE
302117,BoSY,Grade 9,59,59,0,FALSE
302117,EoSY,Grade 10,64,64,0,FALSE
302117,EoSY,Grade 7,94,94,0,FALSE
302117,EoSY,Grade 8,69,69,0,FALSE
302117,EoSY,Grade 9,56,56,0,FALSE
302123,BoSY,Grade 10,54,54,0,FALSE
302123,BoSY,Grade 7,81,81,0,FALSE
302123,BoSY,Grade 8,84,84,0,FALSE
302123,BoSY,Grade 9,77,77,0,FALSE
302123,EoSY,Grade 10,53,53,0,FALSE
302123,EoSY,Grade 7,83,83,0,FALSE
302123,EoSY,Grade 8,81,81,0,FALSE
302123,EoSY,Grade 9,78,78,0,FALSE
302127,BoSY,Grade 10,34,34,0,FALSE
302127,BoSY,Grade 7,48,48,0,FALSE
302127,BoSY,Grade 8,53,53,0,FALSE
302127,BoSY,Grade 9,37,37,0,FALSE
302127,EoSY,Grade 10,33,33,0,FALSE
302127,EoSY,Grade 7,50,50,0,FALSE
302127,EoSY,Grade 8,52,52,0,FALSE
302127,EoSY,Grade 9,32,32,0,FALSE
302133,BoSY,Grade 10,127,127,0,FALSE
302133,BoSY,Grade 7,190,190,0,FALSE
302133,BoSY,Grade 8,194,194,0,FALSE
302133,BoSY,Grade 9,149,149,0,FALSE
302133,EoSY,Grade 10,111,111,0,FALSE
302133,EoSY,Grade 7,182,182,0,FALSE
302133,EoSY,Grade 8,188,188,0,FALSE
302133,EoSY,Grade 9,156,156,0,FALSE
302134,BoSY,Grade 10,123,123,0,FALSE
302134,BoSY,Grade 7,168,168,0,FALSE
302134,BoSY,Grade 8,127,127,0,FALSE
302134,BoSY,Grade 9,130,130,0,FALSE
302134,EoSY,Grade 10,120,120,0,FALSE
302134,EoSY,Grade 7,165,165,0,FALSE
302134,EoSY,Grade 8,130,130,0,FALSE
302134,EoSY,Grade 9,124,124,0,FALSE
302146,BoSY,Grade 10,104,104,0,FALSE
302146,BoSY,Grade 7,160,160,0,FALSE
302146,BoSY,Grade 8,121,121,0,FALSE
302146,BoSY,Grade 9,111,111,0,FALSE
302146,EoSY,Grade 10,109,109,0,FALSE
302146,EoSY,Grade 7,142,142,0,FALSE
302146,EoSY,Grade 8,127,127,0,FALSE
302146,EoSY,Grade 9,133,133,0,FALSE
302156,BoSY,Grade 10,98,98,0,FALSE
302156,BoSY,Grade 7,101,101,0,FALSE
302156,BoSY,Grade 8,101,101,0,FALSE
302156,BoSY,Grade 9,95,95,0,FALSE
302156,EoSY,Grade 10,97,97,0,FALSE
302156,EoSY,Grade 7,104,104,0,FALSE
302156,EoSY,Grade 8,106,106,0,FALSE
302156,EoSY,Grade 9,88,88,0,FALSE
302161,BoSY,Grade 10,80,80,0,FALSE
302161,BoSY,Grade 7,99,99,0,FALSE
302161,BoSY,Grade 8,74,74,0,FALSE
302161,BoSY,Grade 9,73,73,0,FALSE
302161,EoSY,Grade 10,80,80,0,FALSE
302161,EoSY,Grade 7,98,98,0,FALSE
302161,EoSY,Grade 8,74,74,0,FALSE
302161,EoSY,Grade 9,73,73,0,FALSE
302165,BoSY,Grade 10,52,52,0,FALSE
302165,BoSY,Grade 7,92,92,0,FALSE
302165,BoSY,Grade 8,70,70,0,FALSE
302165,BoSY,Grade 9,59,59,0,FALSE
302165,EoSY,Grade 10,52,52,0,FALSE
302165,EoSY,Grade 7,85,85,0,FALSE
302165,EoSY,Grade 8,68,68,0,FALSE
302165,EoSY,Grade 9,58,58,0,FALSE
302175,BoSY,Grade 10,94,94,0,FALSE
302175,BoSY,Grade 7,132,132,0,FALSE
302175,BoSY,Grade 8,101,101,0,FALSE
302175,BoSY,Grade 9,125,125,0,FALSE
302175,EoSY,Grade 10,91,91,0,FALSE
302175,EoSY,Grade 7,133,133,0,FALSE
302175,EoSY,Grade 8,97,97,0,FALSE
302175,EoSY,Grade 9,115,115,0,FALSE
302177,BoSY,Grade 10,85,85,0,FALSE
302177,BoSY,Grade 7,115,115,0,FALSE
302177,BoSY,Grade 8,99,99,0,FALSE
302177,BoSY,Grade 9,81,81,0,FALSE
302177,EoSY,Grade 10,74,74,0,FALSE
302177,EoSY,Grade 7,109,109,0,FALSE
302177,EoSY,Grade 8,65,65,0,FALSE
302177,EoSY,Grade 9,74,74,0,FALSE
302182,BoSY,Grade 10,99,99,0,FALSE
302182,BoSY,Grade 7,88,88,0,FALSE
302182,BoSY,Grade 8,94,94,0,FALSE
302182,BoSY,Grade 9,87,87,0,FALSE
302182,EoSY,Grade 10,90,90,0,FALSE
302182,EoSY,Grade 7,86,86,0,FALSE
302182,EoSY,Grade 8,78,78,0,FALSE
302182,EoSY,Grade 9,83,83,0,FALSE
302192,BoSY,Grade 10,265,265,0,FALSE
302192,BoSY,Grade 7,287,287,0,FALSE
302192,BoSY,Grade 8,287,287,0,FALSE
302192,BoSY,Grade 9,186,186,0,FALSE
302192,EoSY,Grade 10,162,162,0,FALSE
302192,EoSY,Grade 7,283,283,0,FALSE
302192,EoSY,Grade 8,289,289,0,FALSE
302192,EoSY,Grade 9,208,208,0,FALSE
302203,BoSY,Grade 10,38,38,0,FALSE
302203,BoSY,Grade 7,80,80,0,FALSE
302203,BoSY,Grade 8,39,39,0,FALSE
302203,BoSY,Grade 9,34,34,0,FALSE
302203,EoSY,Grade 10,38,38,0,FALSE
302203,EoSY,Grade 7,80,80,0,FALSE
302203,EoSY,Grade 8,40,40,0,FALSE
302203,EoSY,Grade 9,36,36,0,FALSE
302205,BoSY,Grade 10,87,87,0,FALSE
302205,BoSY,Grade 7,136,136,0,FALSE
302205,BoSY,Grade 8,102,102,0,FALSE
302205,BoSY,Grade 9,101,101,0,FALSE
302205,EoSY,Grade 10,87,87,0,FALSE
302205,EoSY,Grade 7,136,136,0,FALSE
302205,EoSY,Grade 8,102,102,0,FALSE
302205,EoSY,Grade 9,101,101,0,FALSE
302227,BoSY,Grade 10,53,53,0,FALSE
302227,BoSY,Grade 7,98,98,0,FALSE
302227,BoSY,Grade 8,75,75,0,FALSE
302227,BoSY,Grade 9,53,53,0,FALSE
302227,EoSY,Grade 10,57,57,0,FALSE
302227,EoSY,Grade 7,75,75,0,FALSE
302227,EoSY,Grade 8,75,75,0,FALSE
302227,EoSY,Grade 9,46,46,0,FALSE
302241,BoSY,Grade 10,112,112,0,FALSE
302241,BoSY,Grade 7,169,169,0,FALSE
302241,BoSY,Grade 8,121,121,0,FALSE
302241,BoSY,Grade 9,99,99,0,FALSE
302241,EoSY,Grade 10,82,82,0,FALSE
302241,EoSY,Grade 7,152,152,0,FALSE
302241,EoSY,Grade 8,113,113,0,FALSE
302241,EoSY,Grade 9,85,85,0,FALSE
302252,BoSY,Grade 10,70,70,0,FALSE
302252,BoSY,Grade 7,99,99,0,FALSE
302252,BoSY,Grade 8,90,90,0,FALSE
302252,BoSY,Grade 9,57,57,0,FALSE
302252,EoSY,Grade 10,70,70,0,FALSE
302252,EoSY,Grade 7,99,99,0,FALSE
302252,EoSY,Grade 8,87,87,0,FALSE
302252,EoSY,Grade 9,57,57,0,FALSE
302254,BoSY,Grade 10,98,98,0,FALSE
302254,BoSY,Grade 7,93,93,0,FALSE
302254,BoSY,Grade 8,94,94,0,FALSE
302254,BoSY,Grade 9,87,87,0,FALSE
302254,EoSY,Grade 10,98,98,0,FALSE
302254,EoSY,Grade 7,90,90,0,FALSE
302254,EoSY,Grade 8,94,94,0,FALSE
302254,EoSY,Grade 9,89,89,0,FALSE
302256,BoSY,Grade 10,116,116,0,FALSE
302256,BoSY,Grade 7,114,114,0,FALSE
302256,BoSY,Grade 8,110,110,0,FALSE
302256,BoSY,Grade 9,92,92,0,FALSE
302256,EoSY,Grade 10,116,116,0,FALSE
302256,EoSY,Grade 7,114,114,0,FALSE
302256,EoSY,Grade 8,109,109,0,FALSE
302256,EoSY,Grade 9,91,91,0,FALSE
302263,BoSY,Grade 10,89,89,0,FALSE
302263,BoSY,Grade 7,66,66,0,FALSE
302263,BoSY,Grade 8,90,90,0,FALSE
302263,BoSY,Grade 9,62,62,0,FALSE
302263,EoSY,Grade 10,87,87,0,FALSE
302263,EoSY,Grade 7,61,61,0,FALSE
302263,EoSY,Grade 8,85,85,0,FALSE
302263,EoSY,Grade 9,62,62,0,FALSE
302282,BoSY,Grade 10,171,171,0,FALSE
302282,BoSY,Grade 7,0,0,0,FALSE
302282,BoSY,Grade 8,150,150,0,FALSE
302282,BoSY,Grade 9,0,0,0,FALSE
302282,EoSY,Grade 10,282,282,0,FALSE
302282,EoSY,Grade 7,287,287,0,FALSE
302282,EoSY,Grade 8,268,268,0,FALSE
302282,EoSY,Grade 9,277,277,0,FALSE
302283,BoSY,Grade 10,298,298,0,FALSE
302283,BoSY,Grade 7,332,332,0,FALSE
302283,BoSY,Grade 8,344,344,0,FALSE
302283,BoSY,Grade 9,244,244,0,FALSE
302283,EoSY,Grade 10,288,288,0,FALSE
302283,EoSY,Grade 7,329,329,0,FALSE
302283,EoSY,Grade 8,327,327,0,FALSE
302283,EoSY,Grade 9,238,238,0,FALSE
302284,BoSY,Grade 10,175,175,0,FALSE
302284,BoSY,Grade 7,180,180,0,FALSE
302284,BoSY,Grade 8,178,178,0,FALSE
302284,BoSY,Grade 9,151,151,0,FALSE
302284,EoSY,Grade 10,170,170,0,FALSE
302284,EoSY,Grade 7,183,183,0,FALSE
302284,EoSY,Grade 8,177,177,0,FALSE
302284,EoSY,Grade 9,145,145,0,FALSE
303011,BoSY,Grade 10,36,36,0,FALSE
303011,BoSY,Grade 7,59,59,0,FALSE
303011,BoSY,Grade 8,45,45,0,FALSE
303011,BoSY,Grade 9,32,32,0,FALSE
303011,EoSY,Grade 10,36,36,0,FALSE
303011,EoSY,Grade 7,60,60,0,FALSE
303011,EoSY,Grade 8,44,44,0,FALSE
303011,EoSY,Grade 9,30,30,0,FALSE
303046,BoSY,Grade 10,94,94,0,FALSE
303046,BoSY,Grade 7,81,81,0,FALSE
303046,BoSY,Grade 8,109,109,0,FALSE
303046,BoSY,Grade 9,79,79,0,FALSE
303046,EoSY,Grade 10,94,94,0,FALSE
303046,EoSY,Grade 7,86,86,0,FALSE
303046,EoSY,Grade 8,112,112,0,FALSE
303046,EoSY,Grade 9,75,75,0,FALSE
303130,BoSY,Grade 10,208,208,0,FALSE
303130,BoSY,Grade 7,193,193,0,FALSE
303130,BoSY,Grade 8,190,190,0,FALSE
303130,BoSY,Grade 9,139,139,0,FALSE
303130,EoSY,Grade 10,195,195,0,FALSE
303130,EoSY,Grade 7,182,182,0,FALSE
303130,EoSY,Grade 8,177,177,0,FALSE
303130,EoSY,Grade 9,133,133,0,FALSE
303136,BoSY,Grade 10,66,66,0,FALSE
303136,BoSY,Grade 7,109,109,0,FALSE
303136,BoSY,Grade 8,79,79,0,FALSE
303136,BoSY,Grade 9,54,54,0,FALSE
303136,EoSY,Grade 10,65,65,0,FALSE
303136,EoSY,Grade 7,109,109,0,FALSE
303136,EoSY,Grade 8,76,76,0,FALSE
303136,EoSY,Grade 9,48,48,0,FALSE
303170,BoSY,Grade 10,51,51,0,FALSE
303170,BoSY,Grade 7,52,52,0,FALSE
303170,BoSY,Grade 8,65,65,0,FALSE
303170,BoSY,Grade 9,33,33,0,FALSE
303170,EoSY,Grade 10,49,49,0,FALSE
303170,EoSY,Grade 7,45,45,0,FALSE
303170,EoSY,Grade 8,60,60,0,FALSE
303170,EoSY,Grade 9,33,33,0,FALSE
303186,BoSY,Grade 10,89,89,0,FALSE
303186,BoSY,Grade 7,145,145,0,FALSE
303186,BoSY,Grade 8,141,141,0,FALSE
303186,BoSY,Grade 9,110,110,0,FALSE
303186,EoSY,Grade 10,NA,0,NA,TRUE
303186,EoSY,Grade 7,NA,0,NA,TRUE
303186,EoSY,Grade 8,NA,0,NA,TRUE
303186,EoSY,Grade 9,NA,0,NA,TRUE
303219,BoSY,Grade 10,113,113,0,FALSE
303219,BoSY,Grade 7,140,140,0,FALSE
303219,BoSY,Grade 8,106,106,0,FALSE
303219,BoSY,Grade 9,105,105,0,FALSE
303219,EoSY,Grade 10,97,97,0,FALSE
303219,EoSY,Grade 7,118,118,0,FALSE
303219,EoSY,Grade 8,94,94,0,FALSE
303219,EoSY,Grade 9,105,105,0,FALSE
303246,BoSY,Grade 10,86,86,0,FALSE
303246,BoSY,Grade 7,192,192,0,FALSE
303246,BoSY,Grade 8,136,136,0,FALSE
303246,BoSY,Grade 9,95,95,0,FALSE
303246,EoSY,Grade 10,77,77,0,FALSE
303246,EoSY,Grade 7,181,181,0,FALSE
303246,EoSY,Grade 8,129,129,0,FALSE
303246,EoSY,Grade 9,102,102,0,FALSE
304409,BoSY,Grade 10,88,88,0,FALSE
304409,BoSY,Grade 7,121,121,0,FALSE
304409,BoSY,Grade 8,130,130,0,FALSE
304409,BoSY,Grade 9,102,102,0,FALSE
304409,EoSY,Grade 10,88,88,0,FALSE
304409,EoSY,Grade 7,121,121,0,FALSE
304409,EoSY,Grade 8,130,130,0,FALSE
304409,EoSY,Grade 9,99,99,0,FALSE
305288,BoSY,Grade 10,616,616,0,FALSE
305288,BoSY,Grade 7,648,648,0,FALSE
305288,BoSY,Grade 8,711,711,0,FALSE
305288,BoSY,Grade 9,666,666,0,FALSE
305288,EoSY,Grade 10,721,721,0,FALSE
305288,EoSY,Grade 7,645,645,0,FALSE
305288,EoSY,Grade 8,661,661,0,FALSE
305288,EoSY,Grade 9,671,671,0,FALSE
305295,BoSY,Grade 10,1267,1267,0,FALSE
305295,BoSY,Grade 7,1342,1342,0,FALSE
305295,BoSY,Grade 8,1182,1182,0,FALSE
305295,BoSY,Grade 9,1230,1230,0,FALSE
305295,EoSY,Grade 10,1212,1212,0,FALSE
305295,EoSY,Grade 7,1295,1295,0,FALSE
305295,EoSY,Grade 8,1109,1109,0,FALSE
305295,EoSY,Grade 9,1178,1178,0,FALSE
305302,BoSY,Grade 10,1088,1088,0,FALSE
305302,BoSY,Grade 7,1192,1192,0,FALSE
305302,BoSY,Grade 8,1186,1186,0,FALSE
305302,BoSY,Grade 9,1155,1155,0,FALSE
305302,EoSY,Grade 10,1068,1068,0,FALSE
305302,EoSY,Grade 7,1186,1186,0,FALSE
305302,EoSY,Grade 8,1021,1021,0,FALSE
305302,EoSY,Grade 9,1108,1108,0,FALSE
305310,BoSY,Grade 10,257,257,0,FALSE
305310,BoSY,Grade 7,312,312,0,FALSE
305310,BoSY,Grade 8,286,286,0,FALSE
305310,BoSY,Grade 9,300,300,0,FALSE
305310,EoSY,Grade 10,310,310,0,FALSE
305310,EoSY,Grade 7,301,301,0,FALSE
305310,EoSY,Grade 8,373,373,0,FALSE
305310,EoSY,Grade 9,284,284,0,FALSE
305311,BoSY,Grade 10,303,303,0,FALSE
305311,BoSY,Grade 7,289,289,0,FALSE
305311,BoSY,Grade 8,285,285,0,FALSE
305311,BoSY,Grade 9,277,277,0,FALSE
305311,EoSY,Grade 10,303,303,0,FALSE
305311,EoSY,Grade 7,289,289,0,FALSE
305311,EoSY,Grade 8,285,285,0,FALSE
305311,EoSY,Grade 9,277,277,0,FALSE
305313,BoSY,Grade 10,562,562,0,FALSE
305313,BoSY,Grade 7,591,591,0,FALSE
305313,BoSY,Grade 8,646,646,0,FALSE
305313,BoSY,Grade 9,508,508,0,FALSE
305313,EoSY,Grade 10,563,563,0,FALSE
305313,EoSY,Grade 7,679,679,0,FALSE
305313,EoSY,Grade 8,646,646,0,FALSE
305313,EoSY,Grade 9,508,508,0,FALSE
305324,BoSY,Grade 10,294,294,0,FALSE
305324,BoSY,Grade 7,275,275,0,FALSE
305324,BoSY,Grade 8,305,305,0,FALSE
305324,BoSY,Grade 9,294,294,0,FALSE
305324,EoSY,Grade 10,293,293,0,FALSE
305324,EoSY,Grade 7,262,262,0,FALSE
305324,EoSY,Grade 8,305,305,0,FALSE
305324,EoSY,Grade 9,291,291,0,FALSE
305334,BoSY,Grade 10,649,649,0,FALSE
305334,BoSY,Grade 7,603,603,0,FALSE
305334,BoSY,Grade 8,661,661,0,FALSE
305334,BoSY,Grade 9,567,567,0,FALSE
305334,EoSY,Grade 10,632,632,0,FALSE
305334,EoSY,Grade 7,599,599,0,FALSE
305334,EoSY,Grade 8,650,650,0,FALSE
305334,EoSY,Grade 9,539,539,0,FALSE
305337,BoSY,Grade 10,1806,1806,0,FALSE
305337,BoSY,Grade 7,2308,2308,0,FALSE
305337,BoSY,Grade 8,2054,2054,0,FALSE
305337,BoSY,Grade 9,1676,1676,0,FALSE
305337,EoSY,Grade 10,1906,1906,0,FALSE
305337,EoSY,Grade 7,2328,2328,0,FALSE
305337,EoSY,Grade 8,2053,2053,0,FALSE
305337,EoSY,Grade 9,1903,1903,0,FALSE
305338,BoSY,Grade 10,757,757,0,FALSE
305338,BoSY,Grade 7,843,843,0,FALSE
305338,BoSY,Grade 8,770,770,0,FALSE
305338,BoSY,Grade 9,636,636,0,FALSE
305338,EoSY,Grade 10,739,739,0,FALSE
305338,EoSY,Grade 7,851,851,0,FALSE
305338,EoSY,Grade 8,784,784,0,FALSE
305338,EoSY,Grade 9,633,633,0,FALSE
305340,BoSY,Grade 10,919,919,0,FALSE
305340,BoSY,Grade 7,1160,1160,0,FALSE
305340,BoSY,Grade 8,1112,1112,0,FALSE
305340,BoSY,Grade 9,1089,1089,0,FALSE
305340,EoSY,Grade 10,1297,1297,0,FALSE
305340,EoSY,Grade 7,1218,1218,0,FALSE
305340,EoSY,Grade 8,1121,1121,0,FALSE
305340,EoSY,Grade 9,1021,1021,0,FALSE
305341,BoSY,Grade 10,1610,1610,0,FALSE
305341,BoSY,Grade 7,1496,1496,0,FALSE
305341,BoSY,Grade 8,1496,1496,0,FALSE
305341,BoSY,Grade 9,1325,1325,0,FALSE
305341,EoSY,Grade 10,1624,1624,0,FALSE
305341,EoSY,Grade 7,1499,1499,0,FALSE
305341,EoSY,Grade 8,1454,1454,0,FALSE
305341,EoSY,Grade 9,1278,1278,0,FALSE
305353,BoSY,Grade 10,419,419,0,FALSE
305353,BoSY,Grade 7,404,404,0,FALSE
305353,BoSY,Grade 8,446,446,0,FALSE
305353,BoSY,Grade 9,394,394,0,FALSE
305353,EoSY,Grade 10,490,490,0,FALSE
305353,EoSY,Grade 7,365,365,0,FALSE
305353,EoSY,Grade 8,442,442,0,FALSE
305353,EoSY,Grade 9,377,377,0,FALSE
305367,BoSY,Grade 10,964,964,0,FALSE
305367,BoSY,Grade 7,1188,1188,0,FALSE
305367,BoSY,Grade 8,1125,1125,0,FALSE
305367,BoSY,Grade 9,927,927,0,FALSE
305367,EoSY,Grade 10,876,876,0,FALSE
305367,EoSY,Grade 7,1098,1098,0,FALSE
305367,EoSY,Grade 8,1020,1020,0,FALSE
305367,EoSY,Grade 9,811,811,0,FALSE
305376,BoSY,Grade 10,791,791,0,FALSE
305376,BoSY,Grade 7,848,848,0,FALSE
305376,BoSY,Grade 8,799,799,0,FALSE
305376,BoSY,Grade 9,797,797,0,FALSE
305376,EoSY,Grade 10,824,824,0,FALSE
305376,EoSY,Grade 7,887,887,0,FALSE
305376,EoSY,Grade 8,790,790,0,FALSE
305376,EoSY,Grade 9,795,795,0,FALSE
305384,BoSY,Grade 10,459,459,0,FALSE
305384,BoSY,Grade 7,526,526,0,FALSE
305384,BoSY,Grade 8,575,575,0,FALSE
305384,BoSY,Grade 9,446,446,0,FALSE
305384,EoSY,Grade 10,401,401,0,FALSE
305384,EoSY,Grade 7,472,472,0,FALSE
305384,EoSY,Grade 8,516,516,0,FALSE
305384,EoSY,Grade 9,373,373,0,FALSE
305411,BoSY,Grade 10,984,984,0,FALSE
305411,BoSY,Grade 7,656,656,0,FALSE
305411,BoSY,Grade 8,777,777,0,FALSE
305411,BoSY,Grade 9,840,840,0,FALSE
305411,EoSY,Grade 10,979,979,0,FALSE
305411,EoSY,Grade 7,595,595,0,FALSE
305411,EoSY,Grade 8,666,666,0,FALSE
305411,EoSY,Grade 9,755,755,0,FALSE
305412,BoSY,Grade 10,933,933,0,FALSE
305412,BoSY,Grade 7,1138,1138,0,FALSE
305412,BoSY,Grade 8,1047,1047,0,FALSE
305412,BoSY,Grade 9,1016,1016,0,FALSE
305412,EoSY,Grade 10,931,931,0,FALSE
305412,EoSY,Grade 7,1094,1094,0,FALSE
305412,EoSY,Grade 8,1081,1081,0,FALSE
305412,EoSY,Grade 9,908,908,0,FALSE
305416,BoSY,Grade 10,903,903,0,FALSE
305416,BoSY,Grade 7,1063,1063,0,FALSE
305416,BoSY,Grade 8,1002,1002,0,FALSE
305416,BoSY,Grade 9,846,846,0,FALSE
305416,EoSY,Grade 10,898,898,0,FALSE
305416,EoSY,Grade 7,1054,1054,0,FALSE
305416,EoSY,Grade 8,996,996,0,FALSE
305416,EoSY,Grade 9,859,859,0,FALSE
305418,BoSY,Grade 10,1101,1101,0,FALSE
305418,BoSY,Grade 7,1281,1281,0,FALSE
305418,BoSY,Grade 8,1215,1215,0,FALSE
305418,BoSY,Grade 9,972,972,0,FALSE
305418,EoSY,Grade 10,1108,1108,0,FALSE
305418,EoSY,Grade 7,1237,1237,0,FALSE
305418,EoSY,Grade 8,1101,1101,0,FALSE
305418,EoSY,Grade 9,960,960,0,FALSE
305420,BoSY,Grade 10,1260,1260,0,FALSE
305420,BoSY,Grade 7,1406,1406,0,FALSE
305420,BoSY,Grade 8,1398,1398,0,FALSE
305420,BoSY,Grade 9,1131,1131,0,FALSE
305420,EoSY,Grade 10,1200,1200,0,FALSE
305420,EoSY,Grade 7,1351,1351,0,FALSE
305420,EoSY,Grade 8,1385,1385,0,FALSE
305420,EoSY,Grade 9,1092,1092,0,FALSE
305428,BoSY,Grade 10,378,378,0,FALSE
305428,BoSY,Grade 7,371,371,0,FALSE
305428,BoSY,Grade 8,429,429,0,FALSE
305428,BoSY,Grade 9,357,357,0,FALSE
305428,EoSY,Grade 10,386,386,0,FALSE
305428,EoSY,Grade 7,408,408,0,FALSE
305428,EoSY,Grade 8,425,425,0,FALSE
305428,EoSY,Grade 9,345,345,0,FALSE
305434,BoSY,Grade 10,771,771,0,FALSE
305434,BoSY,Grade 7,960,960,0,FALSE
305434,BoSY,Grade 8,802,802,0,FALSE
305434,BoSY,Grade 9,672,672,0,FALSE
305434,EoSY,Grade 10,698,698,0,FALSE
305434,EoSY,Grade 7,815,815,0,FALSE
305434,EoSY,Grade 8,703,703,0,FALSE
305434,EoSY,Grade 9,606,606,0,FALSE
305435,BoSY,Grade 10,427,427,0,FALSE
305435,BoSY,Grade 7,473,473,0,FALSE
305435,BoSY,Grade 8,447,447,0,FALSE
305435,BoSY,Grade 9,337,337,0,FALSE
305435,EoSY,Grade 10,424,424,0,FALSE
305435,EoSY,Grade 7,467,467,0,FALSE
305435,EoSY,Grade 8,445,445,0,FALSE
305435,EoSY,Grade 9,348,348,0,FALSE
305438,BoSY,Grade 10,891,891,0,FALSE
305438,BoSY,Grade 7,939,939,0,FALSE
305438,BoSY,Grade 8,881,881,0,FALSE
305438,BoSY,Grade 9,891,891,0,FALSE
305438,EoSY,Grade 10,878,878,0,FALSE
305438,EoSY,Grade 7,916,916,0,FALSE
305438,EoSY,Grade 8,851,851,0,FALSE
305438,EoSY,Grade 9,882,882,0,FALSE
305442,BoSY,Grade 10,270,270,0,FALSE
305442,BoSY,Grade 7,272,272,0,FALSE
305442,BoSY,Grade 8,276,276,0,FALSE
305442,BoSY,Grade 9,274,274,0,FALSE
305442,EoSY,Grade 10,248,248,0,FALSE
305442,EoSY,Grade 7,267,267,0,FALSE
305442,EoSY,Grade 8,253,253,0,FALSE
305442,EoSY,Grade 9,260,260,0,FALSE
305444,BoSY,Grade 10,365,365,0,FALSE
305444,BoSY,Grade 7,467,467,0,FALSE
305444,BoSY,Grade 8,365,365,0,FALSE
305444,BoSY,Grade 9,302,302,0,FALSE
305444,EoSY,Grade 10,355,355,0,FALSE
305444,EoSY,Grade 7,444,444,0,FALSE
305444,EoSY,Grade 8,372,372,0,FALSE
305444,EoSY,Grade 9,291,291,0,FALSE
305447,BoSY,Grade 10,578,578,0,FALSE
305447,BoSY,Grade 7,861,861,0,FALSE
305447,BoSY,Grade 8,759,759,0,FALSE
305447,BoSY,Grade 9,658,658,0,FALSE
305447,EoSY,Grade 10,601,601,0,FALSE
305447,EoSY,Grade 7,822,822,0,FALSE
305447,EoSY,Grade 8,741,741,0,FALSE
305447,EoSY,Grade 9,631,631,0,FALSE
305450,BoSY,Grade 10,370,370,0,FALSE
305450,BoSY,Grade 7,523,523,0,FALSE
305450,BoSY,Grade 8,459,459,0,FALSE
305450,BoSY,Grade 9,364,364,0,FALSE
305450,EoSY,Grade 10,333,333,0,FALSE
305450,EoSY,Grade 7,486,486,0,FALSE
305450,EoSY,Grade 8,418,418,0,FALSE
305450,EoSY,Grade 9,347,347,0,FALSE
305452,BoSY,Grade 10,635,635,0,FALSE
305452,BoSY,Grade 7,736,736,0,FALSE
305452,BoSY,Grade 8,678,678,0,FALSE
305452,BoSY,Grade 9,604,604,0,FALSE
305452,EoSY,Grade 10,612,612,0,FALSE
305452,EoSY,Grade 7,755,755,0,FALSE
305452,EoSY,Grade 8,648,648,0,FALSE
305452,EoSY,Grade 9,593,593,0,FALSE
305453,BoSY,Grade 10,632,632,0,FALSE
305453,BoSY,Grade 7,833,833,0,FALSE
305453,BoSY,Grade 8,1039,1039,0,FALSE
305453,BoSY,Grade 9,769,769,0,FALSE
305453,EoSY,Grade 10,637,637,0,FALSE
305453,EoSY,Grade 7,892,892,0,FALSE
305453,EoSY,Grade 8,1025,1025,0,FALSE
305453,EoSY,Grade 9,803,803,0,FALSE
305454,BoSY,Grade 10,128,128,0,FALSE
305454,BoSY,Grade 7,139,139,0,FALSE
305454,BoSY,Grade 8,181,181,0,FALSE
305454,BoSY,Grade 9,119,119,0,FALSE
305454,EoSY,Grade 10,117,117,0,FALSE
305454,EoSY,Grade 7,136,136,0,FALSE
305454,EoSY,Grade 8,134,134,0,FALSE
305454,EoSY,Grade 9,119,119,0,FALSE
305459,BoSY,Grade 10,995,995,0,FALSE
305459,BoSY,Grade 7,957,957,0,FALSE
305459,BoSY,Grade 8,924,924,0,FALSE
305459,BoSY,Grade 9,786,786,0,FALSE
305459,EoSY,Grade 10,967,967,0,FALSE
305459,EoSY,Grade 7,865,865,0,FALSE
305459,EoSY,Grade 8,824,824,0,FALSE
305459,EoSY,Grade 9,677,677,0,FALSE
305461,BoSY,Grade 10,285,285,0,FALSE
305461,BoSY,Grade 7,373,373,0,FALSE
305461,BoSY,Grade 8,437,437,0,FALSE
305461,BoSY,Grade 9,266,266,0,FALSE
305461,EoSY,Grade 10,273,273,0,FALSE
305461,EoSY,Grade 7,342,342,0,FALSE
305461,EoSY,Grade 8,416,416,0,FALSE
305461,EoSY,Grade 9,265,265,0,FALSE
305465,BoSY,Grade 10,846,846,0,FALSE
305465,BoSY,Grade 7,815,815,0,FALSE
305465,BoSY,Grade 8,968,968,0,FALSE
305465,BoSY,Grade 9,768,768,0,FALSE
305465,EoSY,Grade 10,800,800,0,FALSE
305465,EoSY,Grade 7,747,747,0,FALSE
305465,EoSY,Grade 8,929,929,0,FALSE
305465,EoSY,Grade 9,743,743,0,FALSE
305471,BoSY,Grade 10,544,544,0,FALSE
305471,BoSY,Grade 7,1015,1015,0,FALSE
305471,BoSY,Grade 8,858,858,0,FALSE
305471,BoSY,Grade 9,674,674,0,FALSE
305471,EoSY,Grade 10,534,534,0,FALSE
305471,EoSY,Grade 7,1006,1006,0,FALSE
305471,EoSY,Grade 8,793,793,0,FALSE
305471,EoSY,Grade 9,640,640,0,FALSE
305498,BoSY,Grade 10,50,50,0,FALSE
305498,BoSY,Grade 7,78,78,0,FALSE
305498,BoSY,Grade 8,80,80,0,FALSE
305498,BoSY,Grade 9,48,48,0,FALSE
305498,EoSY,Grade 10,53,53,0,FALSE
305498,EoSY,Grade 7,77,77,0,FALSE
305498,EoSY,Grade 8,83,83,0,FALSE
305498,EoSY,Grade 9,47,47,0,FALSE
305500,BoSY,Grade 10,29,29,0,FALSE
305500,BoSY,Grade 7,36,36,0,FALSE
305500,BoSY,Grade 8,32,32,0,FALSE
305500,BoSY,Grade 9,20,20,0,FALSE
305500,EoSY,Grade 10,29,29,0,FALSE
305500,EoSY,Grade 7,36,36,0,FALSE
305500,EoSY,Grade 8,35,35,0,FALSE
305500,EoSY,Grade 9,23,23,0,FALSE
305506,BoSY,Grade 10,11,11,0,FALSE
305506,BoSY,Grade 7,25,25,0,FALSE
305506,BoSY,Grade 8,26,26,0,FALSE
305506,BoSY,Grade 9,17,17,0,FALSE
305506,EoSY,Grade 10,11,11,0,FALSE
305506,EoSY,Grade 7,25,25,0,FALSE
305506,EoSY,Grade 8,26,26,0,FALSE
305506,EoSY,Grade 9,17,17,0,FALSE
305517,BoSY,Grade 10,35,35,0,FALSE
305517,BoSY,Grade 7,53,53,0,FALSE
305517,BoSY,Grade 8,51,51,0,FALSE
305517,BoSY,Grade 9,41,41,0,FALSE
305517,EoSY,Grade 10,33,33,0,FALSE
305517,EoSY,Grade 7,45,45,0,FALSE
305517,EoSY,Grade 8,45,45,0,FALSE
305517,EoSY,Grade 9,41,41,0,FALSE
305568,BoSY,Grade 10,406,406,0,FALSE
305568,BoSY,Grade 7,478,478,0,FALSE
305568,BoSY,Grade 8,410,410,0,FALSE
305568,BoSY,Grade 9,328,328,0,FALSE
305568,EoSY,Grade 10,400,400,0,FALSE
305568,EoSY,Grade 7,470,470,0,FALSE
305568,EoSY,Grade 8,405,405,0,FALSE
305568,EoSY,Grade 9,317,317,0,FALSE
305581,BoSY,Grade 10,40,40,0,FALSE
305581,BoSY,Grade 7,46,46,0,FALSE
305581,BoSY,Grade 8,46,46,0,FALSE
305581,BoSY,Grade 9,31,31,0,FALSE
305581,EoSY,Grade 10,40,40,0,FALSE
305581,EoSY,Grade 7,49,49,0,FALSE
305581,EoSY,Grade 8,45,45,0,FALSE
305581,EoSY,Grade 9,29,29,0,FALSE
305635,BoSY,Grade 10,419,419,0,FALSE
305635,BoSY,Grade 7,554,554,0,FALSE
305635,BoSY,Grade 8,436,436,0,FALSE
305635,BoSY,Grade 9,401,401,0,FALSE
305635,EoSY,Grade 10,399,399,0,FALSE
305635,EoSY,Grade 7,493,493,0,FALSE
305635,EoSY,Grade 8,451,451,0,FALSE
305635,EoSY,Grade 9,384,384,0,FALSE
305651,BoSY,Grade 10,28,28,0,FALSE
305651,BoSY,Grade 7,34,34,0,FALSE
305651,BoSY,Grade 8,35,35,0,FALSE
305651,BoSY,Grade 9,29,29,0,FALSE
305651,EoSY,Grade 10,28,28,0,FALSE
305651,EoSY,Grade 7,34,34,0,FALSE
305651,EoSY,Grade 8,34,34,0,FALSE
305651,EoSY,Grade 9,27,27,0,FALSE
305655,BoSY,Grade 10,25,25,0,FALSE
305655,BoSY,Grade 7,27,27,0,FALSE
305655,BoSY,Grade 8,28,28,0,FALSE
305655,BoSY,Grade 9,21,21,0,FALSE
305655,EoSY,Grade 10,27,27,0,FALSE
305655,EoSY,Grade 7,26,26,0,FALSE
305655,EoSY,Grade 8,26,26,0,FALSE
305655,EoSY,Grade 9,14,14,0,FALSE
305660,BoSY,Grade 10,30,30,0,FALSE
305660,BoSY,Grade 7,45,45,0,FALSE
305660,BoSY,Grade 8,40,40,0,FALSE
305660,BoSY,Grade 9,37,37,0,FALSE
305660,EoSY,Grade 10,31,31,0,FALSE
305660,EoSY,Grade 7,39,39,0,FALSE
305660,EoSY,Grade 8,36,36,0,FALSE
305660,EoSY,Grade 9,36,36,0,FALSE
305662,BoSY,Grade 10,24,24,0,FALSE
305662,BoSY,Grade 7,53,53,0,FALSE
305662,BoSY,Grade 8,39,39,0,FALSE
305662,BoSY,Grade 9,37,37,0,FALSE
305662,EoSY,Grade 10,24,24,0,FALSE
305662,EoSY,Grade 7,50,50,0,FALSE
305662,EoSY,Grade 8,34,34,0,FALSE
305662,EoSY,Grade 9,31,31,0,FALSE
305665,BoSY,Grade 10,14,14,0,FALSE
305665,BoSY,Grade 7,24,24,0,FALSE
305665,BoSY,Grade 8,16,16,0,FALSE
305665,BoSY,Grade 9,17,17,0,FALSE
305665,EoSY,Grade 10,16,16,0,FALSE
305665,EoSY,Grade 7,28,28,0,FALSE
305665,EoSY,Grade 8,15,15,0,FALSE
305665,EoSY,Grade 9,13,13,0,FALSE
305669,BoSY,Grade 10,38,38,0,FALSE
305669,BoSY,Grade 7,38,38,0,FALSE
305669,BoSY,Grade 8,32,32,0,FALSE
305669,BoSY,Grade 9,21,21,0,FALSE
305669,EoSY,Grade 10,38,38,0,FALSE
305669,EoSY,Grade 7,39,39,0,FALSE
305669,EoSY,Grade 8,31,31,0,FALSE
305669,EoSY,Grade 9,21,21,0,FALSE
305677,BoSY,Grade 10,40,40,0,FALSE
305677,BoSY,Grade 7,63,63,0,FALSE
305677,BoSY,Grade 8,47,47,0,FALSE
305677,BoSY,Grade 9,51,51,0,FALSE
305677,EoSY,Grade 10,39,39,0,FALSE
305677,EoSY,Grade 7,61,61,0,FALSE
305677,EoSY,Grade 8,51,51,0,FALSE
305677,EoSY,Grade 9,50,50,0,FALSE
305681,BoSY,Grade 10,160,160,0,FALSE
305681,BoSY,Grade 7,228,228,0,FALSE
305681,BoSY,Grade 8,191,191,0,FALSE
305681,BoSY,Grade 9,167,167,0,FALSE
305681,EoSY,Grade 10,160,160,0,FALSE
305681,EoSY,Grade 7,271,271,0,FALSE
305681,EoSY,Grade 8,150,150,0,FALSE
305681,EoSY,Grade 9,163,163,0,FALSE
305710,BoSY,Grade 10,78,78,0,FALSE
305710,BoSY,Grade 7,86,86,0,FALSE
305710,BoSY,Grade 8,71,71,0,FALSE
305710,BoSY,Grade 9,68,68,0,FALSE
305710,EoSY,Grade 10,81,81,0,FALSE
305710,EoSY,Grade 7,83,83,0,FALSE
305710,EoSY,Grade 8,68,68,0,FALSE
305710,EoSY,Grade 9,67,67,0,FALSE
305713,BoSY,Grade 10,27,27,0,FALSE
305713,BoSY,Grade 7,82,82,0,FALSE
305713,BoSY,Grade 8,54,54,0,FALSE
305713,BoSY,Grade 9,27,27,0,FALSE
305713,EoSY,Grade 10,26,26,0,FALSE
305713,EoSY,Grade 7,73,73,0,FALSE
305713,EoSY,Grade 8,50,50,0,FALSE
305713,EoSY,Grade 9,47,47,0,FALSE
305722,BoSY,Grade 10,44,44,0,FALSE
305722,BoSY,Grade 7,60,60,0,FALSE
305722,BoSY,Grade 8,67,67,0,FALSE
305722,BoSY,Grade 9,52,52,0,FALSE
305722,EoSY,Grade 10,43,43,0,FALSE
305722,EoSY,Grade 7,58,58,0,FALSE
305722,EoSY,Grade 8,66,66,0,FALSE
305722,EoSY,Grade 9,48,48,0,FALSE
305750,BoSY,Grade 10,50,50,0,FALSE
305750,BoSY,Grade 7,63,63,0,FALSE
305750,BoSY,Grade 8,79,79,0,FALSE
305750,BoSY,Grade 9,43,43,0,FALSE
305750,EoSY,Grade 10,43,43,0,FALSE
305750,EoSY,Grade 7,65,65,0,FALSE
305750,EoSY,Grade 8,79,79,0,FALSE
305750,EoSY,Grade 9,43,43,0,FALSE
305755,BoSY,Grade 10,92,92,0,FALSE
305755,BoSY,Grade 7,138,138,0,FALSE
305755,BoSY,Grade 8,154,154,0,FALSE
305755,BoSY,Grade 9,103,103,0,FALSE
305755,EoSY,Grade 10,88,88,0,FALSE
305755,EoSY,Grade 7,133,133,0,FALSE
305755,EoSY,Grade 8,152,152,0,FALSE
305755,EoSY,Grade 9,95,95,0,FALSE
305843,BoSY,Grade 10,38,38,0,FALSE
305843,BoSY,Grade 7,64,64,0,FALSE
305843,BoSY,Grade 8,38,38,0,FALSE
305843,BoSY,Grade 9,38,38,0,FALSE
305843,EoSY,Grade 10,36,36,0,FALSE
305843,EoSY,Grade 7,61,61,0,FALSE
305843,EoSY,Grade 8,37,37,0,FALSE
305843,EoSY,Grade 9,36,36,0,FALSE
305844,BoSY,Grade 10,46,46,0,FALSE
305844,BoSY,Grade 7,57,57,0,FALSE
305844,BoSY,Grade 8,57,57,0,FALSE
305844,BoSY,Grade 9,47,47,0,FALSE
305844,EoSY,Grade 10,46,46,0,FALSE
305844,EoSY,Grade 7,57,57,0,FALSE
305844,EoSY,Grade 8,57,57,0,FALSE
305844,EoSY,Grade 9,47,47,0,FALSE
305847,BoSY,Grade 10,25,25,0,FALSE
305847,BoSY,Grade 7,49,49,0,FALSE
305847,BoSY,Grade 8,49,49,0,FALSE
305847,BoSY,Grade 9,31,31,0,FALSE
305847,EoSY,Grade 10,21,21,0,FALSE
305847,EoSY,Grade 7,36,36,0,FALSE
305847,EoSY,Grade 8,39,39,0,FALSE
305847,EoSY,Grade 9,22,22,0,FALSE
305849,BoSY,Grade 10,18,18,0,FALSE
305849,BoSY,Grade 7,38,38,0,FALSE
305849,BoSY,Grade 8,29,29,0,FALSE
305849,BoSY,Grade 9,25,25,0,FALSE
305849,EoSY,Grade 10,16,16,0,FALSE
305849,EoSY,Grade 7,32,32,0,FALSE
305849,EoSY,Grade 8,26,26,0,FALSE
305849,EoSY,Grade 9,23,23,0,FALSE
305850,BoSY,Grade 10,15,15,0,FALSE
305850,BoSY,Grade 7,31,31,0,FALSE
305850,BoSY,Grade 8,27,27,0,FALSE
305850,BoSY,Grade 9,29,29,0,FALSE
305850,EoSY,Grade 10,15,15,0,FALSE
305850,EoSY,Grade 7,27,27,0,FALSE
305850,EoSY,Grade 8,29,29,0,FALSE
305850,EoSY,Grade 9,29,29,0,FALSE
305884,BoSY,Grade 10,99,99,0,FALSE
305884,BoSY,Grade 7,125,125,0,FALSE
305884,BoSY,Grade 8,101,101,0,FALSE
305884,BoSY,Grade 9,77,77,0,FALSE
305884,EoSY,Grade 10,100,100,0,FALSE
305884,EoSY,Grade 7,118,118,0,FALSE
305884,EoSY,Grade 8,105,105,0,FALSE
305884,EoSY,Grade 9,77,77,0,FALSE
305889,BoSY,Grade 10,48,48,0,FALSE
305889,BoSY,Grade 7,61,61,0,FALSE
305889,BoSY,Grade 8,49,49,0,FALSE
305889,BoSY,Grade 9,42,42,0,FALSE
305889,EoSY,Grade 10,45,45,0,FALSE
305889,EoSY,Grade 7,53,53,0,FALSE
305889,EoSY,Grade 8,44,44,0,FALSE
305889,EoSY,Grade 9,34,34,0,FALSE
305917,BoSY,Grade 10,26,26,0,FALSE
305917,BoSY,Grade 7,24,24,0,FALSE
305917,BoSY,Grade 8,32,32,0,FALSE
305917,BoSY,Grade 9,29,29,0,FALSE
305917,EoSY,Grade 10,26,26,0,FALSE
305917,EoSY,Grade 7,24,24,0,FALSE
305917,EoSY,Grade 8,30,30,0,FALSE
305917,EoSY,Grade 9,28,28,0,FALSE
305965,BoSY,Grade 10,59,59,0,FALSE
305965,BoSY,Grade 7,92,92,0,FALSE
305965,BoSY,Grade 8,82,82,0,FALSE
305965,BoSY,Grade 9,65,65,0,FALSE
305965,EoSY,Grade 10,55,55,0,FALSE
305965,EoSY,Grade 7,93,93,0,FALSE
305965,EoSY,Grade 8,75,75,0,FALSE
305965,EoSY,Grade 9,56,56,0,FALSE
306000,BoSY,Grade 10,28,28,0,FALSE
306000,BoSY,Grade 7,63,63,0,FALSE
306000,BoSY,Grade 8,39,39,0,FALSE
306000,BoSY,Grade 9,26,26,0,FALSE
306000,EoSY,Grade 10,28,28,0,FALSE
306000,EoSY,Grade 7,64,64,0,FALSE
306000,EoSY,Grade 8,40,40,0,FALSE
306000,EoSY,Grade 9,24,24,0,FALSE
306038,BoSY,Grade 10,29,29,0,FALSE
306038,BoSY,Grade 7,33,33,0,FALSE
306038,BoSY,Grade 8,28,28,0,FALSE
306038,BoSY,Grade 9,25,25,0,FALSE
306038,EoSY,Grade 10,29,29,0,FALSE
306038,EoSY,Grade 7,33,33,0,FALSE
306038,EoSY,Grade 8,28,28,0,FALSE
306038,EoSY,Grade 9,21,21,0,FALSE
306086,BoSY,Grade 10,19,19,0,FALSE
306086,BoSY,Grade 7,23,23,0,FALSE
306086,BoSY,Grade 8,22,22,0,FALSE
306086,BoSY,Grade 9,15,15,0,FALSE
306086,EoSY,Grade 10,17,17,0,FALSE
306086,EoSY,Grade 7,24,24,0,FALSE
306086,EoSY,Grade 8,23,23,0,FALSE
306086,EoSY,Grade 9,15,15,0,FALSE
307913,BoSY,Grade 10,285,285,0,FALSE
307913,BoSY,Grade 7,349,349,0,FALSE
307913,BoSY,Grade 8,333,333,0,FALSE
307913,BoSY,Grade 9,245,245,0,FALSE
307913,EoSY,Grade 10,272,272,0,FALSE
307913,EoSY,Grade 7,334,334,0,FALSE
307913,EoSY,Grade 8,325,325,0,FALSE
307913,EoSY,Grade 9,237,237,0,FALSE
308103,BoSY,Grade 10,257,257,0,FALSE
308103,BoSY,Grade 7,405,405,0,FALSE
308103,BoSY,Grade 8,360,360,0,FALSE
308103,BoSY,Grade 9,276,276,0,FALSE
308103,EoSY,Grade 10,257,257,0,FALSE
308103,EoSY,Grade 7,427,427,0,FALSE
308103,EoSY,Grade 8,388,388,0,FALSE
308103,EoSY,Grade 9,278,278,0,FALSE
308105,BoSY,Grade 10,756,756,0,FALSE
308105,BoSY,Grade 7,939,939,0,FALSE
308105,BoSY,Grade 8,866,866,0,FALSE
308105,BoSY,Grade 9,691,691,0,FALSE
308105,EoSY,Grade 10,733,733,0,FALSE
308105,EoSY,Grade 7,977,977,0,FALSE
308105,EoSY,Grade 8,876,876,0,FALSE
308105,EoSY,Grade 9,626,626,0,FALSE
308122,BoSY,Grade 10,188,188,0,FALSE
308122,BoSY,Grade 7,267,267,0,FALSE
308122,BoSY,Grade 8,214,214,0,FALSE
308122,BoSY,Grade 9,154,154,0,FALSE
308122,EoSY,Grade 10,184,184,0,FALSE
308122,EoSY,Grade 7,225,225,0,FALSE
308122,EoSY,Grade 8,212,212,0,FALSE
308122,EoSY,Grade 9,148,148,0,FALSE
308130,BoSY,Grade 10,162,162,0,FALSE
308130,BoSY,Grade 7,185,185,0,FALSE
308130,BoSY,Grade 8,146,146,0,FALSE
308130,BoSY,Grade 9,133,133,0,FALSE
308130,EoSY,Grade 10,145,145,0,FALSE
308130,EoSY,Grade 7,155,155,0,FALSE
308130,EoSY,Grade 8,131,131,0,FALSE
308130,EoSY,Grade 9,128,128,0,FALSE
308134,BoSY,Grade 10,552,552,0,FALSE
308134,BoSY,Grade 7,711,711,0,FALSE
308134,BoSY,Grade 8,592,592,0,FALSE
308134,BoSY,Grade 9,480,480,0,FALSE
308134,EoSY,Grade 10,526,526,0,FALSE
308134,EoSY,Grade 7,703,703,0,FALSE
308134,EoSY,Grade 8,551,551,0,FALSE
308134,EoSY,Grade 9,446,446,0,FALSE
308135,BoSY,Grade 10,412,412,0,FALSE
308135,BoSY,Grade 7,490,490,0,FALSE
308135,BoSY,Grade 8,467,467,0,FALSE
308135,BoSY,Grade 9,364,364,0,FALSE
308135,EoSY,Grade 10,411,411,0,FALSE
308135,EoSY,Grade 7,513,513,0,FALSE
308135,EoSY,Grade 8,426,426,0,FALSE
308135,EoSY,Grade 9,346,346,0,FALSE
308501,BoSY,Grade 10,523,523,0,FALSE
308501,BoSY,Grade 7,695,695,0,FALSE
308501,BoSY,Grade 8,628,628,0,FALSE
308501,BoSY,Grade 9,500,500,0,FALSE
308501,EoSY,Grade 10,490,490,0,FALSE
308501,EoSY,Grade 7,681,681,0,FALSE
308501,EoSY,Grade 8,612,612,0,FALSE
308501,EoSY,Grade 9,427,427,0,FALSE
309509,BoSY,Grade 10,67,67,0,FALSE
309509,BoSY,Grade 7,96,96,0,FALSE
309509,BoSY,Grade 8,82,82,0,FALSE
309509,BoSY,Grade 9,91,91,0,FALSE
309509,EoSY,Grade 10,63,63,0,FALSE
309509,EoSY,Grade 7,94,94,0,FALSE
309509,EoSY,Grade 8,78,78,0,FALSE
309509,EoSY,Grade 9,81,81,0,FALSE
309512,BoSY,Grade 10,76,76,0,FALSE
309512,BoSY,Grade 7,50,50,0,FALSE
309512,BoSY,Grade 8,78,78,0,FALSE
309512,BoSY,Grade 9,43,43,0,FALSE
309512,EoSY,Grade 10,73,73,0,FALSE
309512,EoSY,Grade 7,51,51,0,FALSE
309512,EoSY,Grade 8,79,79,0,FALSE
309512,EoSY,Grade 9,42,42,0,FALSE
309513,BoSY,Grade 10,105,105,0,FALSE
309513,BoSY,Grade 7,122,122,0,FALSE
309513,BoSY,Grade 8,109,109,0,FALSE
309513,BoSY,Grade 9,85,85,0,FALSE
309513,EoSY,Grade 10,105,105,0,FALSE
309513,EoSY,Grade 7,122,122,0,FALSE
309513,EoSY,Grade 8,106,106,0,FALSE
309513,EoSY,Grade 9,84,84,0,FALSE
309702,BoSY,Grade 10,211,211,0,FALSE
309702,BoSY,Grade 7,257,257,0,FALSE
309702,BoSY,Grade 8,277,277,0,FALSE
309702,BoSY,Grade 9,195,195,0,FALSE
309702,EoSY,Grade 10,203,203,0,FALSE
309702,EoSY,Grade 7,239,239,0,FALSE
309702,EoSY,Grade 8,269,269,0,FALSE
309702,EoSY,Grade 9,177,177,0,FALSE
309705,BoSY,Grade 10,82,82,0,FALSE
309705,BoSY,Grade 7,87,87,0,FALSE
309705,BoSY,Grade 8,91,91,0,FALSE
309705,BoSY,Grade 9,74,74,0,FALSE
309705,EoSY,Grade 10,79,79,0,FALSE
309705,EoSY,Grade 7,86,86,0,FALSE
309705,EoSY,Grade 8,86,86,0,FALSE
309705,EoSY,Grade 9,71,71,0,FALSE
309711,BoSY,Grade 10,48,48,0,FALSE
309711,BoSY,Grade 7,65,65,0,FALSE
309711,BoSY,Grade 8,67,67,0,FALSE
309711,BoSY,Grade 9,50,50,0,FALSE
309711,EoSY,Grade 10,48,48,0,FALSE
309711,EoSY,Grade 7,63,63,0,FALSE
309711,EoSY,Grade 8,62,62,0,FALSE
309711,EoSY,Grade 9,57,57,0,FALSE
309740,BoSY,Grade 10,63,63,0,FALSE
309740,BoSY,Grade 7,73,73,0,FALSE
309740,BoSY,Grade 8,43,43,0,FALSE
309740,BoSY,Grade 9,68,68,0,FALSE
309740,EoSY,Grade 10,62,62,0,FALSE
309740,EoSY,Grade 7,38,38,0,FALSE
309740,EoSY,Grade 8,65,65,0,FALSE
309740,EoSY,Grade 9,65,65,0,FALSE
309741,BoSY,Grade 10,114,114,0,FALSE
309741,BoSY,Grade 7,110,110,0,FALSE
309741,BoSY,Grade 8,97,97,0,FALSE
309741,BoSY,Grade 9,83,83,0,FALSE
309741,EoSY,Grade 10,56,56,0,FALSE
309741,EoSY,Grade 7,101,101,0,FALSE
309741,EoSY,Grade 8,91,91,0,FALSE
309741,EoSY,Grade 9,77,77,0,FALSE
309743,BoSY,Grade 10,96,96,0,FALSE
309743,BoSY,Grade 7,116,116,0,FALSE
309743,BoSY,Grade 8,106,106,0,FALSE
309743,BoSY,Grade 9,86,86,0,FALSE
309743,EoSY,Grade 10,63,63,0,FALSE
309743,EoSY,Grade 7,116,116,0,FALSE
309743,EoSY,Grade 8,106,106,0,FALSE
309743,EoSY,Grade 9,118,118,0,FALSE
309760,BoSY,Grade 10,49,49,0,FALSE
309760,BoSY,Grade 7,34,34,0,FALSE
309760,BoSY,Grade 8,57,57,0,FALSE
309760,BoSY,Grade 9,49,49,0,FALSE
309760,EoSY,Grade 10,45,45,0,FALSE
309760,EoSY,Grade 7,34,34,0,FALSE
309760,EoSY,Grade 8,55,55,0,FALSE
309760,EoSY,Grade 9,47,47,0,FALSE
309764,BoSY,Grade 10,38,38,0,FALSE
309764,BoSY,Grade 7,40,40,0,FALSE
309764,BoSY,Grade 8,59,59,0,FALSE
309764,BoSY,Grade 9,32,32,0,FALSE
309764,EoSY,Grade 10,35,35,0,FALSE
309764,EoSY,Grade 7,32,32,0,FALSE
309764,EoSY,Grade 8,54,54,0,FALSE
309764,EoSY,Grade 9,31,31,0,FALSE
309903,BoSY,Grade 10,55,55,0,FALSE
309903,BoSY,Grade 7,101,101,0,FALSE
309903,BoSY,Grade 8,70,70,0,FALSE
309903,BoSY,Grade 9,81,81,0,FALSE
309903,EoSY,Grade 10,54,54,0,FALSE
309903,EoSY,Grade 7,88,88,0,FALSE
309903,EoSY,Grade 8,70,70,0,FALSE
309903,EoSY,Grade 9,75,75,0,FALSE
309906,BoSY,Grade 10,119,119,0,FALSE
309906,BoSY,Grade 7,128,128,0,FALSE
309906,BoSY,Grade 8,156,156,0,FALSE
309906,BoSY,Grade 9,112,112,0,FALSE
309906,EoSY,Grade 10,109,109,0,FALSE
309906,EoSY,Grade 7,127,127,0,FALSE
309906,EoSY,Grade 8,149,149,0,FALSE
309906,EoSY,Grade 9,108,108,0,FALSE
309909,BoSY,Grade 10,91,91,0,FALSE
309909,BoSY,Grade 7,126,126,0,FALSE
309909,BoSY,Grade 8,107,107,0,FALSE
309909,BoSY,Grade 9,91,91,0,FALSE
309909,EoSY,Grade 10,92,92,0,FALSE
309909,EoSY,Grade 7,124,124,0,FALSE
309909,EoSY,Grade 8,105,105,0,FALSE
309909,EoSY,Grade 9,90,90,0,FALSE
309914,BoSY,Grade 10,200,200,0,FALSE
309914,BoSY,Grade 7,229,229,0,FALSE
309914,BoSY,Grade 8,201,201,0,FALSE
309914,BoSY,Grade 9,170,170,0,FALSE
309914,EoSY,Grade 10,183,183,0,FALSE
309914,EoSY,Grade 7,222,222,0,FALSE
309914,EoSY,Grade 8,181,181,0,FALSE
309914,EoSY,Grade 9,156,156,0,FALSE
309915,BoSY,Grade 10,32,32,0,FALSE
309915,BoSY,Grade 7,51,51,0,FALSE
309915,BoSY,Grade 8,38,38,0,FALSE
309915,BoSY,Grade 9,34,34,0,FALSE
309915,EoSY,Grade 10,31,31,0,FALSE
309915,EoSY,Grade 7,49,49,0,FALSE
309915,EoSY,Grade 8,35,35,0,FALSE
309915,EoSY,Grade 9,34,34,0,FALSE
309921,BoSY,Grade 10,54,54,0,FALSE
309921,BoSY,Grade 7,97,97,0,FALSE
309921,BoSY,Grade 8,71,71,0,FALSE
309921,BoSY,Grade 9,70,70,0,FALSE
309921,EoSY,Grade 10,53,53,0,FALSE
309921,EoSY,Grade 7,93,93,0,FALSE
309921,EoSY,Grade 8,65,65,0,FALSE
309921,EoSY,Grade 9,67,67,0,FALSE
309931,BoSY,Grade 10,55,55,0,FALSE
309931,BoSY,Grade 7,87,87,0,FALSE
309931,BoSY,Grade 8,75,75,0,FALSE
309931,BoSY,Grade 9,65,65,0,FALSE
309931,EoSY,Grade 10,49,49,0,FALSE
309931,EoSY,Grade 7,78,78,0,FALSE
309931,EoSY,Grade 8,72,72,0,FALSE
309931,EoSY,Grade 9,58,58,0,FALSE
309934,BoSY,Grade 10,29,29,0,FALSE
309934,BoSY,Grade 7,43,43,0,FALSE
309934,BoSY,Grade 8,39,39,0,FALSE
309934,BoSY,Grade 9,35,35,0,FALSE
309934,EoSY,Grade 10,28,28,0,FALSE
309934,EoSY,Grade 7,44,44,0,FALSE
309934,EoSY,Grade 8,35,35,0,FALSE
309934,EoSY,Grade 9,32,32,0,FALSE
309936,BoSY,Grade 10,55,55,0,FALSE
309936,BoSY,Grade 7,59,59,0,FALSE
309936,BoSY,Grade 8,49,49,0,FALSE
309936,BoSY,Grade 9,45,45,0,FALSE
309936,EoSY,Grade 10,56,56,0,FALSE
309936,EoSY,Grade 7,57,57,0,FALSE
309936,EoSY,Grade 8,49,49,0,FALSE
309936,EoSY,Grade 9,45,45,0,FALSE
309937,BoSY,Grade 10,69,69,0,FALSE
309937,BoSY,Grade 7,80,80,0,FALSE
309937,BoSY,Grade 8,79,79,0,FALSE
309937,BoSY,Grade 9,50,50,0,FALSE
309937,EoSY,Grade 10,32,32,0,FALSE
309937,EoSY,Grade 7,78,78,0,FALSE
309937,EoSY,Grade 8,74,74,0,FALSE
309937,EoSY,Grade 9,48,48,0,FALSE
309941,BoSY,Grade 10,178,178,0,FALSE
309941,BoSY,Grade 7,232,232,0,FALSE
309941,BoSY,Grade 8,222,222,0,FALSE
309941,BoSY,Grade 9,141,141,0,FALSE
309941,EoSY,Grade 10,172,172,0,FALSE
309941,EoSY,Grade 7,223,223,0,FALSE
309941,EoSY,Grade 8,230,230,0,FALSE
309941,EoSY,Grade 9,151,151,0,FALSE
312330,BoSY,Grade 10,88,88,0,FALSE
312330,BoSY,Grade 7,89,89,0,FALSE
312330,BoSY,Grade 8,120,120,0,FALSE
312330,BoSY,Grade 9,57,57,0,FALSE
312330,EoSY,Grade 10,86,86,0,FALSE
312330,EoSY,Grade 7,84,84,0,FALSE
312330,EoSY,Grade 8,116,116,0,FALSE
312330,EoSY,Grade 9,48,48,0,FALSE
312354,BoSY,Grade 10,24,24,0,FALSE
312354,BoSY,Grade 7,28,28,0,FALSE
312354,BoSY,Grade 8,38,38,0,FALSE
312354,BoSY,Grade 9,22,22,0,FALSE
312354,EoSY,Grade 10,20,20,0,FALSE
312354,EoSY,Grade 7,27,27,0,FALSE
312354,EoSY,Grade 8,37,37,0,FALSE
312354,EoSY,Grade 9,19,19,0,FALSE
312355,BoSY,Grade 10,44,44,0,FALSE
312355,BoSY,Grade 7,39,39,0,FALSE
312355,BoSY,Grade 8,37,37,0,FALSE
312355,BoSY,Grade 9,34,34,0,FALSE
312355,EoSY,Grade 10,41,41,0,FALSE
312355,EoSY,Grade 7,38,38,0,FALSE
312355,EoSY,Grade 8,38,38,0,FALSE
312355,EoSY,Grade 9,28,28,0,FALSE
312401,BoSY,Grade 10,120,120,0,FALSE
312401,BoSY,Grade 7,127,127,0,FALSE
312401,BoSY,Grade 8,121,121,0,FALSE
312401,BoSY,Grade 9,103,103,0,FALSE
312401,EoSY,Grade 10,120,120,0,FALSE
312401,EoSY,Grade 7,126,126,0,FALSE
312401,EoSY,Grade 8,119,119,0,FALSE
312401,EoSY,Grade 9,102,102,0,FALSE
312408,BoSY,Grade 10,54,54,0,FALSE
312408,BoSY,Grade 7,77,77,0,FALSE
312408,BoSY,Grade 8,73,73,0,FALSE
312408,BoSY,Grade 9,36,36,0,FALSE
312408,EoSY,Grade 10,54,54,0,FALSE
312408,EoSY,Grade 7,74,74,0,FALSE
312408,EoSY,Grade 8,75,75,0,FALSE
312408,EoSY,Grade 9,47,47,0,FALSE
312435,BoSY,Grade 10,34,34,0,FALSE
312435,BoSY,Grade 7,54,54,0,FALSE
312435,BoSY,Grade 8,50,50,0,FALSE
312435,BoSY,Grade 9,27,27,0,FALSE
312435,EoSY,Grade 10,NA,0,NA,TRUE
312435,EoSY,Grade 7,NA,0,NA,TRUE
312435,EoSY,Grade 8,NA,0,NA,TRUE
312435,EoSY,Grade 9,NA,0,NA,TRUE
312450,BoSY,Grade 10,102,102,0,FALSE
312450,BoSY,Grade 7,65,65,0,FALSE
312450,BoSY,Grade 8,105,105,0,FALSE
312450,BoSY,Grade 9,73,73,0,FALSE
312450,EoSY,Grade 10,105,105,0,FALSE
312450,EoSY,Grade 7,119,119,0,FALSE
312450,EoSY,Grade 8,95,95,0,FALSE
312450,EoSY,Grade 9,72,72,0,FALSE
312451,BoSY,Grade 10,61,61,0,FALSE
312451,BoSY,Grade 7,93,93,0,FALSE
312451,BoSY,Grade 8,85,85,0,FALSE
312451,BoSY,Grade 9,46,46,0,FALSE
312451,EoSY,Grade 10,48,48,0,FALSE
312451,EoSY,Grade 7,77,77,0,FALSE
312451,EoSY,Grade 8,67,67,0,FALSE
312451,EoSY,Grade 9,42,42,0,FALSE
312462,BoSY,Grade 10,16,16,0,FALSE
312462,BoSY,Grade 7,18,18,0,FALSE
312462,BoSY,Grade 8,20,20,0,FALSE
312462,BoSY,Grade 9,29,29,0,FALSE
312462,EoSY,Grade 10,14,14,0,FALSE
312462,EoSY,Grade 7,17,17,0,FALSE
312462,EoSY,Grade 8,20,20,0,FALSE
312462,EoSY,Grade 9,25,25,0,FALSE
312481,BoSY,Grade 10,172,172,0,FALSE
312481,BoSY,Grade 7,201,201,0,FALSE
312481,BoSY,Grade 8,180,180,0,FALSE
312481,BoSY,Grade 9,169,169,0,FALSE
312481,EoSY,Grade 10,172,172,0,FALSE
312481,EoSY,Grade 7,193,193,0,FALSE
312481,EoSY,Grade 8,176,176,0,FALSE
312481,EoSY,Grade 9,169,169,0,FALSE
312910,BoSY,Grade 10,75,75,0,FALSE
312910,BoSY,Grade 7,196,196,0,FALSE
312910,BoSY,Grade 8,148,148,0,FALSE
312910,BoSY,Grade 9,101,101,0,FALSE
312910,EoSY,Grade 10,72,72,0,FALSE
312910,EoSY,Grade 7,182,182,0,FALSE
312910,EoSY,Grade 8,139,139,0,FALSE
312910,EoSY,Grade 9,102,102,0,FALSE
312953,BoSY,Grade 10,38,38,0,FALSE
312953,BoSY,Grade 7,50,50,0,FALSE
312953,BoSY,Grade 8,22,22,0,FALSE
312953,BoSY,Grade 9,26,26,0,FALSE
312953,EoSY,Grade 10,34,34,0,FALSE
312953,EoSY,Grade 7,37,37,0,FALSE
312953,EoSY,Grade 8,19,19,0,FALSE
312953,EoSY,Grade 9,22,22,0,FALSE
312960,BoSY,Grade 10,42,42,0,FALSE
312960,BoSY,Grade 7,71,71,0,FALSE
312960,BoSY,Grade 8,62,62,0,FALSE
312960,BoSY,Grade 9,76,76,0,FALSE
312960,EoSY,Grade 10,31,31,0,FALSE
312960,EoSY,Grade 7,61,61,0,FALSE
312960,EoSY,Grade 8,56,56,0,FALSE
312960,EoSY,Grade 9,69,69,0,FALSE
316301,BoSY,Grade 10,121,121,0,FALSE
316301,BoSY,Grade 7,208,208,0,FALSE
316301,BoSY,Grade 8,179,179,0,FALSE
316301,BoSY,Grade 9,138,138,0,FALSE
316301,EoSY,Grade 10,126,126,0,FALSE
316301,EoSY,Grade 7,217,217,0,FALSE
316301,EoSY,Grade 8,183,183,0,FALSE
316301,EoSY,Grade 9,150,150,0,FALSE
316303,BoSY,Grade 10,53,53,0,FALSE
316303,BoSY,Grade 7,78,78,0,FALSE
316303,BoSY,Grade 8,48,48,0,FALSE
316303,BoSY,Grade 9,55,55,0,FALSE
316303,EoSY,Grade 10,50,50,0,FALSE
316303,EoSY,Grade 7,74,74,0,FALSE
316303,EoSY,Grade 8,41,41,0,FALSE
316303,EoSY,Grade 9,55,55,0,FALSE
316304,BoSY,Grade 10,68,68,0,FALSE
316304,BoSY,Grade 7,94,94,0,FALSE
316304,BoSY,Grade 8,93,93,0,FALSE
316304,BoSY,Grade 9,68,68,0,FALSE
316304,EoSY,Grade 10,59,59,0,FALSE
316304,EoSY,Grade 7,85,85,0,FALSE
316304,EoSY,Grade 8,80,80,0,FALSE
316304,EoSY,Grade 9,39,39,0,FALSE
316404,BoSY,Grade 10,35,35,0,FALSE
316404,BoSY,Grade 7,62,62,0,FALSE
316404,BoSY,Grade 8,57,57,0,FALSE
316404,BoSY,Grade 9,54,54,0,FALSE
316404,EoSY,Grade 10,31,31,0,FALSE
316404,EoSY,Grade 7,56,56,0,FALSE
316404,EoSY,Grade 8,53,53,0,FALSE
316404,EoSY,Grade 9,49,49,0,FALSE
316405,BoSY,Grade 10,103,103,0,FALSE
316405,BoSY,Grade 7,152,152,0,FALSE
316405,BoSY,Grade 8,152,152,0,FALSE
316405,BoSY,Grade 9,90,90,0,FALSE
316405,EoSY,Grade 10,110,110,0,FALSE
316405,EoSY,Grade 7,151,151,0,FALSE
316405,EoSY,Grade 8,157,157,0,FALSE
316405,EoSY,Grade 9,83,83,0,FALSE
319604,BoSY,Grade 10,296,296,0,FALSE
319604,BoSY,Grade 7,385,385,0,FALSE
319604,BoSY,Grade 8,336,336,0,FALSE
319604,BoSY,Grade 9,324,324,0,FALSE
319604,EoSY,Grade 10,275,275,0,FALSE
319604,EoSY,Grade 7,385,385,0,FALSE
319604,EoSY,Grade 8,322,322,0,FALSE
319604,EoSY,Grade 9,288,288,0,FALSE
320202,BoSY,Grade 10,133,133,0,FALSE
320202,BoSY,Grade 7,161,161,0,FALSE
320202,BoSY,Grade 8,168,168,0,FALSE
320202,BoSY,Grade 9,141,141,0,FALSE
320202,EoSY,Grade 10,131,131,0,FALSE
320202,EoSY,Grade 7,135,135,0,FALSE
320202,EoSY,Grade 8,162,162,0,FALSE
320202,EoSY,Grade 9,107,107,0,FALSE
320204,BoSY,Grade 10,501,501,0,FALSE
320204,BoSY,Grade 7,573,573,0,FALSE
320204,BoSY,Grade 8,545,545,0,FALSE
320204,BoSY,Grade 9,554,554,0,FALSE
320204,EoSY,Grade 10,473,473,0,FALSE
320204,EoSY,Grade 7,568,568,0,FALSE
320204,EoSY,Grade 8,542,542,0,FALSE
320204,EoSY,Grade 9,552,552,0,FALSE
320306,BoSY,Grade 10,736,736,0,FALSE
320306,BoSY,Grade 7,878,878,0,FALSE
320306,BoSY,Grade 8,880,880,0,FALSE
320306,BoSY,Grade 9,691,691,0,FALSE
320306,EoSY,Grade 10,724,724,0,FALSE
320306,EoSY,Grade 7,875,875,0,FALSE
320306,EoSY,Grade 8,884,884,0,FALSE
320306,EoSY,Grade 9,688,688,0,FALSE
320606,BoSY,Grade 10,347,347,0,FALSE
320606,BoSY,Grade 7,308,308,0,FALSE
320606,BoSY,Grade 8,410,410,0,FALSE
320606,BoSY,Grade 9,329,329,0,FALSE
320606,EoSY,Grade 10,312,312,0,FALSE
320606,EoSY,Grade 7,304,304,0,FALSE
320606,EoSY,Grade 8,401,401,0,FALSE
320606,EoSY,Grade 9,308,308,0,FALSE
324903,BoSY,Grade 10,27,27,0,FALSE
324903,BoSY,Grade 7,44,44,0,FALSE
324903,BoSY,Grade 8,32,32,0,FALSE
324903,BoSY,Grade 9,21,21,0,FALSE
324903,EoSY,Grade 10,27,27,0,FALSE
324903,EoSY,Grade 7,43,43,0,FALSE
324903,EoSY,Grade 8,32,32,0,FALSE
324903,EoSY,Grade 9,21,21,0,FALSE
325303,BoSY,Grade 10,96,96,0,FALSE
325303,BoSY,Grade 7,86,86,0,FALSE
325303,BoSY,Grade 8,59,59,0,FALSE
325303,BoSY,Grade 9,55,55,0,FALSE
325303,EoSY,Grade 10,26,26,0,FALSE
325303,EoSY,Grade 7,24,24,0,FALSE
325303,EoSY,Grade 8,26,26,0,FALSE
325303,EoSY,Grade 9,25,25,0,FALSE
340567,BoSY,Grade 10,189,189,0,FALSE
340567,BoSY,Grade 7,187,187,0,FALSE
340567,BoSY,Grade 8,232,232,0,FALSE
340567,BoSY,Grade 9,169,169,0,FALSE
340567,EoSY,Grade 10,160,160,0,FALSE
340567,EoSY,Grade 7,201,201,0,FALSE
340567,EoSY,Grade 8,187,187,0,FALSE
340567,EoSY,Grade 9,158,158,0,FALSE
500034,BoSY,Grade 10,24,24,0,FALSE
500034,BoSY,Grade 7,38,38,0,FALSE
500034,BoSY,Grade 8,21,21,0,FALSE
500034,BoSY,Grade 9,31,31,0,FALSE
500034,EoSY,Grade 10,24,24,0,FALSE
500034,EoSY,Grade 7,37,37,0,FALSE
500034,EoSY,Grade 8,43,43,0,FALSE
500034,EoSY,Grade 9,32,32,0,FALSE
500163,BoSY,Grade 10,67,67,0,FALSE
500163,BoSY,Grade 7,76,76,0,FALSE
500163,BoSY,Grade 8,78,78,0,FALSE
500163,BoSY,Grade 9,64,64,0,FALSE
500163,EoSY,Grade 10,69,69,0,FALSE
500163,EoSY,Grade 7,52,52,0,FALSE
500163,EoSY,Grade 8,79,79,0,FALSE
500163,EoSY,Grade 9,65,65,0,FALSE
500165,BoSY,Grade 10,39,39,0,FALSE
500165,BoSY,Grade 7,51,51,0,FALSE
500165,BoSY,Grade 8,48,48,0,FALSE
500165,BoSY,Grade 9,42,42,0,FALSE
500165,EoSY,Grade 10,34,34,0,FALSE
500165,EoSY,Grade 7,48,48,0,FALSE
500165,EoSY,Grade 8,43,43,0,FALSE
500165,EoSY,Grade 9,39,39,0,FALSE
500167,BoSY,Grade 10,58,58,0,FALSE
500167,BoSY,Grade 7,69,69,0,FALSE
500167,BoSY,Grade 8,66,66,0,FALSE
500167,BoSY,Grade 9,59,59,0,FALSE
500167,EoSY,Grade 10,54,54,0,FALSE
500167,EoSY,Grade 7,67,67,0,FALSE
500167,EoSY,Grade 8,70,70,0,FALSE
500167,EoSY,Grade 9,58,58,0,FALSE
500168,BoSY,Grade 10,60,60,0,FALSE
500168,BoSY,Grade 7,90,90,0,FALSE
500168,BoSY,Grade 8,75,75,0,FALSE
500168,BoSY,Grade 9,57,57,0,FALSE
500168,EoSY,Grade 10,68,68,0,FALSE
500168,EoSY,Grade 7,90,90,0,FALSE
500168,EoSY,Grade 8,74,74,0,FALSE
500168,EoSY,Grade 9,57,57,0,FALSE
500208,BoSY,Grade 10,13,13,0,FALSE
500208,BoSY,Grade 7,19,19,0,FALSE
500208,BoSY,Grade 8,13,13,0,FALSE
500208,BoSY,Grade 9,14,14,0,FALSE
500208,EoSY,Grade 10,15,15,0,FALSE
500208,EoSY,Grade 7,19,19,0,FALSE
500208,EoSY,Grade 8,13,13,0,FALSE
500208,EoSY,Grade 9,15,15,0,FALSE
500221,BoSY,Grade 10,28,28,0,FALSE
500221,BoSY,Grade 7,32,32,0,FALSE
500221,BoSY,Grade 8,27,27,0,FALSE
500221,BoSY,Grade 9,20,20,0,FALSE
500221,EoSY,Grade 10,34,34,0,FALSE
500221,EoSY,Grade 7,26,26,0,FALSE
500221,EoSY,Grade 8,26,26,0,FALSE
500221,EoSY,Grade 9,22,22,0,FALSE
500332,BoSY,Grade 10,400,400,0,FALSE
500332,BoSY,Grade 7,315,315,0,FALSE
500332,BoSY,Grade 8,329,329,0,FALSE
500332,BoSY,Grade 9,333,333,0,FALSE
500332,EoSY,Grade 10,390,390,0,FALSE
500332,EoSY,Grade 7,311,311,0,FALSE
500332,EoSY,Grade 8,311,311,0,FALSE
500332,EoSY,Grade 9,318,318,0,FALSE
500339,BoSY,Grade 10,364,364,0,FALSE
500339,BoSY,Grade 7,365,365,0,FALSE
500339,BoSY,Grade 8,380,380,0,FALSE
500339,BoSY,Grade 9,332,332,0,FALSE
500339,EoSY,Grade 10,364,364,0,FALSE
500339,EoSY,Grade 7,352,352,0,FALSE
500339,EoSY,Grade 8,373,373,0,FALSE
500339,EoSY,Grade 9,311,311,0,FALSE
500421,BoSY,Grade 10,124,124,0,FALSE
500421,BoSY,Grade 7,118,118,0,FALSE
500421,BoSY,Grade 8,112,112,0,FALSE
500421,BoSY,Grade 9,77,77,0,FALSE
500421,EoSY,Grade 10,117,117,0,FALSE
500421,EoSY,Grade 7,114,114,0,FALSE
500421,EoSY,Grade 8,114,114,0,FALSE
500421,EoSY,Grade 9,82,82,0,FALSE
500447,BoSY,Grade 10,44,44,0,FALSE
500447,BoSY,Grade 7,74,74,0,FALSE
500447,BoSY,Grade 8,70,70,0,FALSE
500447,BoSY,Grade 9,47,47,0,FALSE
500447,EoSY,Grade 10,43,43,0,FALSE
500447,EoSY,Grade 7,71,71,0,FALSE
500447,EoSY,Grade 8,65,65,0,FALSE
500447,EoSY,Grade 9,45,45,0,FALSE
500565,BoSY,Grade 10,846,846,0,FALSE
500565,BoSY,Grade 7,856,856,0,FALSE
500565,BoSY,Grade 8,780,780,0,FALSE
500565,BoSY,Grade 9,689,689,0,FALSE
500565,EoSY,Grade 10,846,846,0,FALSE
500565,EoSY,Grade 7,844,844,0,FALSE
500565,EoSY,Grade 8,778,778,0,FALSE
500565,EoSY,Grade 9,689,689,0,FALSE
500566,BoSY,Grade 10,777,777,0,FALSE
500566,BoSY,Grade 7,789,789,0,FALSE
500566,BoSY,Grade 8,733,733,0,FALSE
500566,BoSY,Grade 9,701,701,0,FALSE
500566,EoSY,Grade 10,653,653,0,FALSE
500566,EoSY,Grade 7,684,684,0,FALSE
500566,EoSY,Grade 8,602,602,0,FALSE
500566,EoSY,Grade 9,680,680,0,FALSE
500665,BoSY,Grade 10,77,77,0,FALSE
500665,BoSY,Grade 7,107,107,0,FALSE
500665,BoSY,Grade 8,92,92,0,FALSE
500665,BoSY,Grade 9,62,62,0,FALSE
500665,EoSY,Grade 10,74,74,0,FALSE
500665,EoSY,Grade 7,105,105,0,FALSE
500665,EoSY,Grade 8,88,88,0,FALSE
500665,EoSY,Grade 9,63,63,0,FALSE
500667,BoSY,Grade 10,50,50,0,FALSE
500667,BoSY,Grade 7,72,72,0,FALSE
500667,BoSY,Grade 8,50,50,0,FALSE
500667,BoSY,Grade 9,32,32,0,FALSE
500667,EoSY,Grade 10,51,51,0,FALSE
500667,EoSY,Grade 7,59,59,0,FALSE
500667,EoSY,Grade 8,48,48,0,FALSE
500667,EoSY,Grade 9,31,31,0,FALSE
500671,BoSY,Grade 10,38,38,0,FALSE
500671,BoSY,Grade 7,28,28,0,FALSE
500671,BoSY,Grade 8,34,34,0,FALSE
500671,BoSY,Grade 9,25,25,0,FALSE
500671,EoSY,Grade 10,39,39,0,FALSE
500671,EoSY,Grade 7,27,27,0,FALSE
500671,EoSY,Grade 8,34,34,0,FALSE
500671,EoSY,Grade 9,25,25,0,FALSE
500744,BoSY,Grade 10,41,41,0,FALSE
500744,BoSY,Grade 7,55,55,0,FALSE
500744,BoSY,Grade 8,40,40,0,FALSE
500744,BoSY,Grade 9,34,34,0,FALSE
500744,EoSY,Grade 10,38,38,0,FALSE
500744,EoSY,Grade 7,55,55,0,FALSE
500744,EoSY,Grade 8,39,39,0,FALSE
500744,EoSY,Grade 9,34,34,0,FALSE
500768,BoSY,Grade 10,84,84,0,FALSE
500768,BoSY,Grade 7,82,82,0,FALSE
500768,BoSY,Grade 8,88,88,0,FALSE
500768,BoSY,Grade 9,68,68,0,FALSE
500768,EoSY,Grade 10,82,82,0,FALSE
500768,EoSY,Grade 7,76,76,0,FALSE
500768,EoSY,Grade 8,87,87,0,FALSE
500768,EoSY,Grade 9,63,63,0,FALSE
500782,BoSY,Grade 10,221,221,0,FALSE
500782,BoSY,Grade 7,295,295,0,FALSE
500782,BoSY,Grade 8,248,248,0,FALSE
500782,BoSY,Grade 9,191,191,0,FALSE
500782,EoSY,Grade 10,221,221,0,FALSE
500782,EoSY,Grade 7,286,286,0,FALSE
500782,EoSY,Grade 8,247,247,0,FALSE
500782,EoSY,Grade 9,188,188,0,FALSE
500784,BoSY,Grade 10,10,10,0,FALSE
500784,BoSY,Grade 7,24,24,0,FALSE
500784,BoSY,Grade 8,20,20,0,FALSE
500784,BoSY,Grade 9,9,9,0,FALSE
500784,EoSY,Grade 10,10,10,0,FALSE
500784,EoSY,Grade 7,21,21,0,FALSE
500784,EoSY,Grade 8,17,17,0,FALSE
500784,EoSY,Grade 9,9,9,0,FALSE
500787,BoSY,Grade 10,49,49,0,FALSE
500787,BoSY,Grade 7,49,49,0,FALSE
500787,BoSY,Grade 8,55,55,0,FALSE
500787,BoSY,Grade 9,42,42,0,FALSE
500787,EoSY,Grade 10,49,49,0,FALSE
500787,EoSY,Grade 7,49,49,0,FALSE
500787,EoSY,Grade 8,57,57,0,FALSE
500787,EoSY,Grade 9,42,42,0,FALSE
500894,BoSY,Grade 10,85,85,0,FALSE
500894,BoSY,Grade 7,101,101,0,FALSE
500894,BoSY,Grade 8,122,122,0,FALSE
500894,BoSY,Grade 9,93,93,0,FALSE
500894,EoSY,Grade 10,77,77,0,FALSE
500894,EoSY,Grade 7,96,96,0,FALSE
500894,EoSY,Grade 8,114,114,0,FALSE
500894,EoSY,Grade 9,81,81,0,FALSE
501020,BoSY,Grade 10,25,25,0,FALSE
501020,BoSY,Grade 7,33,33,0,FALSE
501020,BoSY,Grade 8,28,28,0,FALSE
501020,BoSY,Grade 9,28,28,0,FALSE
501020,EoSY,Grade 10,25,25,0,FALSE
501020,EoSY,Grade 7,33,33,0,FALSE
501020,EoSY,Grade 8,24,24,0,FALSE
501020,EoSY,Grade 9,28,28,0,FALSE
501065,BoSY,Grade 10,110,110,0,FALSE
501065,BoSY,Grade 7,144,144,0,FALSE
501065,BoSY,Grade 8,124,124,0,FALSE
501065,BoSY,Grade 9,116,116,0,FALSE
501065,EoSY,Grade 10,118,118,0,FALSE
501065,EoSY,Grade 7,139,139,0,FALSE
501065,EoSY,Grade 8,115,115,0,FALSE
501065,EoSY,Grade 9,107,107,0,FALSE
501071,BoSY,Grade 10,22,22,0,FALSE
501071,BoSY,Grade 7,25,25,0,FALSE
501071,BoSY,Grade 8,28,28,0,FALSE
501071,BoSY,Grade 9,16,16,0,FALSE
501071,EoSY,Grade 10,24,24,0,FALSE
501071,EoSY,Grade 7,25,25,0,FALSE
501071,EoSY,Grade 8,29,29,0,FALSE
501071,EoSY,Grade 9,16,16,0,FALSE
501074,BoSY,Grade 10,22,22,0,FALSE
501074,BoSY,Grade 7,47,47,0,FALSE
501074,BoSY,Grade 8,36,36,0,FALSE
501074,BoSY,Grade 9,26,26,0,FALSE
501074,EoSY,Grade 10,46,46,0,FALSE
501074,EoSY,Grade 7,81,81,0,FALSE
501074,EoSY,Grade 8,66,66,0,FALSE
501074,EoSY,Grade 9,40,40,0,FALSE
501076,BoSY,Grade 10,14,14,0,FALSE
501076,BoSY,Grade 7,18,18,0,FALSE
501076,BoSY,Grade 8,14,14,0,FALSE
501076,BoSY,Grade 9,12,12,0,FALSE
501076,EoSY,Grade 10,12,12,0,FALSE
501076,EoSY,Grade 7,18,18,0,FALSE
501076,EoSY,Grade 8,12,12,0,FALSE
501076,EoSY,Grade 9,8,8,0,FALSE
501267,BoSY,Grade 10,26,26,0,FALSE
501267,BoSY,Grade 7,42,42,0,FALSE
501267,BoSY,Grade 8,33,33,0,FALSE
501267,BoSY,Grade 9,22,22,0,FALSE
501267,EoSY,Grade 10,26,26,0,FALSE
501267,EoSY,Grade 7,37,37,0,FALSE
501267,EoSY,Grade 8,29,29,0,FALSE
501267,EoSY,Grade 9,21,21,0,FALSE
501305,BoSY,Grade 10,32,32,0,FALSE
501305,BoSY,Grade 7,31,31,0,FALSE
501305,BoSY,Grade 8,34,34,0,FALSE
501305,BoSY,Grade 9,28,28,0,FALSE
501305,EoSY,Grade 10,27,27,0,FALSE
501305,EoSY,Grade 7,30,30,0,FALSE
501305,EoSY,Grade 8,31,31,0,FALSE
501305,EoSY,Grade 9,25,25,0,FALSE
501351,BoSY,Grade 10,63,63,0,FALSE
501351,BoSY,Grade 7,78,78,0,FALSE
501351,BoSY,Grade 8,61,61,0,FALSE
501351,BoSY,Grade 9,50,50,0,FALSE
501351,EoSY,Grade 10,NA,0,NA,TRUE
501351,EoSY,Grade 7,NA,0,NA,TRUE
501351,EoSY,Grade 8,NA,0,NA,TRUE
501351,EoSY,Grade 9,NA,0,NA,TRUE
501404,BoSY,Grade 10,15,15,0,FALSE
501404,BoSY,Grade 7,18,18,0,FALSE
501404,BoSY,Grade 8,32,32,0,FALSE
501404,BoSY,Grade 9,27,27,0,FALSE
501404,EoSY,Grade 10,13,13,0,FALSE
501404,EoSY,Grade 7,17,17,0,FALSE
501404,EoSY,Grade 8,31,31,0,FALSE
501404,EoSY,Grade 9,26,26,0,FALSE
501405,BoSY,Grade 10,48,48,0,FALSE
501405,BoSY,Grade 7,58,58,0,FALSE
501405,BoSY,Grade 8,72,72,0,FALSE
501405,BoSY,Grade 9,38,38,0,FALSE
501405,EoSY,Grade 10,46,46,0,FALSE
501405,EoSY,Grade 7,65,65,0,FALSE
501405,EoSY,Grade 8,75,75,0,FALSE
501405,EoSY,Grade 9,37,37,0,FALSE
501429,BoSY,Grade 10,68,68,0,FALSE
501429,BoSY,Grade 7,59,59,0,FALSE
501429,BoSY,Grade 8,61,61,0,FALSE
501429,BoSY,Grade 9,57,57,0,FALSE
501429,EoSY,Grade 10,68,68,0,FALSE
501429,EoSY,Grade 7,60,60,0,FALSE
501429,EoSY,Grade 8,61,61,0,FALSE
501429,EoSY,Grade 9,55,55,0,FALSE
501544,BoSY,Grade 10,83,83,0,FALSE
501544,BoSY,Grade 7,72,72,0,FALSE
501544,BoSY,Grade 8,68,68,0,FALSE
501544,BoSY,Grade 9,71,71,0,FALSE
501544,EoSY,Grade 10,79,79,0,FALSE
501544,EoSY,Grade 7,68,68,0,FALSE
501544,EoSY,Grade 8,64,64,0,FALSE
501544,EoSY,Grade 9,71,71,0,FALSE
501635,BoSY,Grade 10,60,60,0,FALSE
501635,BoSY,Grade 7,79,79,0,FALSE
501635,BoSY,Grade 8,79,79,0,FALSE
501635,BoSY,Grade 9,52,52,0,FALSE
501635,EoSY,Grade 10,60,60,0,FALSE
501635,EoSY,Grade 7,77,77,0,FALSE
501635,EoSY,Grade 8,76,76,0,FALSE
501635,EoSY,Grade 9,52,52,0,FALSE
501763,BoSY,Grade 10,9,9,0,FALSE
501763,BoSY,Grade 7,42,42,0,FALSE
501763,BoSY,Grade 8,56,56,0,FALSE
501763,BoSY,Grade 9,24,24,0,FALSE
501763,EoSY,Grade 10,18,18,0,FALSE
501763,EoSY,Grade 7,42,42,0,FALSE
501763,EoSY,Grade 8,56,56,0,FALSE
501763,EoSY,Grade 9,24,24,0,FALSE
501843,BoSY,Grade 10,15,15,0,FALSE
501843,BoSY,Grade 7,40,40,0,FALSE
501843,BoSY,Grade 8,45,45,0,FALSE
501843,BoSY,Grade 9,37,37,0,FALSE
501843,EoSY,Grade 10,18,18,0,FALSE
501843,EoSY,Grade 7,36,36,0,FALSE
501843,EoSY,Grade 8,46,46,0,FALSE
501843,EoSY,Grade 9,36,36,0,FALSE
501903,BoSY,Grade 10,23,23,0,FALSE
501903,BoSY,Grade 7,30,30,0,FALSE
501903,BoSY,Grade 8,40,40,0,FALSE
501903,BoSY,Grade 9,17,17,0,FALSE
501903,EoSY,Grade 10,25,25,0,FALSE
501903,EoSY,Grade 7,31,31,0,FALSE
501903,EoSY,Grade 8,35,35,0,FALSE
501903,EoSY,Grade 9,16,16,0,FALSE
502186,BoSY,Grade 10,14,14,0,FALSE
502186,BoSY,Grade 7,20,20,0,FALSE
502186,BoSY,Grade 8,19,19,0,FALSE
502186,BoSY,Grade 9,8,8,0,FALSE
502186,EoSY,Grade 10,14,14,0,FALSE
502186,EoSY,Grade 7,21,21,0,FALSE
502186,EoSY,Grade 8,17,17,0,FALSE
502186,EoSY,Grade 9,8,8,0,FALSE
502477,BoSY,Grade 10,0,0,0,FALSE
502477,BoSY,Grade 7,26,26,0,FALSE
502477,BoSY,Grade 8,35,35,0,FALSE
502477,BoSY,Grade 9,23,23,0,FALSE
502477,EoSY,Grade 10,0,0,0,FALSE
502477,EoSY,Grade 7,31,31,0,FALSE
502477,EoSY,Grade 8,35,35,0,FALSE
502477,EoSY,Grade 9,23,23,0,FALSE
502615,BoSY,Grade 10,0,0,0,FALSE
502615,BoSY,Grade 7,22,22,0,FALSE
502615,BoSY,Grade 8,22,22,0,FALSE
502615,BoSY,Grade 9,12,12,0,FALSE
502615,EoSY,Grade 10,0,0,0,FALSE
502615,EoSY,Grade 7,21,21,0,FALSE
502615,EoSY,Grade 8,21,21,0,FALSE
502615,EoSY,Grade 9,11,11,0,FALSE
