rev_status_label,time_point,grade,level_group,reading_category,total_student_count,total_english_assessed,schools_with_data,percent_of_english_assessed,school_year_point
rev_status 0,BoSY,Grade 10,2-level,frustration,7525,59247,217,12.701065032828666,Start of SY
rev_status 0,BoSY,Grade 10,2-level,grade_ready,12191,59247,217,20.576569277769337,Start of SY
rev_status 0,BoSY,Grade 10,2-level,independent,6675,59247,217,11.266393235100512,Start of SY
rev_status 0,BoSY,Grade 10,2-level,instructional,10000,59247,217,16.878491737978294,Start of SY
rev_status 0,BoSY,Grade 10,3-level,frustration,8268,59247,217,13.955136968960455,Start of SY
rev_status 0,BoSY,Grade 10,3-level,grade_ready,12191,59247,217,20.576569277769337,Start of SY
rev_status 0,BoSY,Grade 10,3-level,independent,5778,59247,217,9.752392526203858,Start of SY
rev_status 0,BoSY,Grade 10,3-level,instructional,8810,59247,217,14.869951221158876,Start of SY
rev_status 0,BoSY,Grade 7,2-level,frustration,5812,70953,217,8.191337927924119,Start of SY
rev_status 0,BoSY,Grade 7,2-level,grade_ready,9591,70953,217,13.517398841486617,Start of SY
rev_status 0,BoSY,Grade 7,2-level,independent,11051,70953,217,15.575099009203276,Start of SY
rev_status 0,BoSY,Grade 7,2-level,instructional,9289,70953,217,13.091764971178105,Start of SY
rev_status 0,BoSY,Grade 7,3-level,frustration,12200,70953,217,17.194480853522755,Start of SY
rev_status 0,BoSY,Grade 7,3-level,grade_ready,9591,70953,217,13.517398841486617,Start of SY
rev_status 0,BoSY,Grade 7,3-level,independent,9971,70953,217,14.052964638563557,Start of SY
rev_status 0,BoSY,Grade 7,3-level,instructional,13039,70953,217,18.376953758121573,Start of SY
rev_status 0,BoSY,Grade 8,2-level,frustration,6175,66481,217,9.288368105172907,Start of SY
rev_status 0,BoSY,Grade 8,2-level,grade_ready,8676,66481,217,13.050345211413788,Start of SY
rev_status 0,BoSY,Grade 8,2-level,independent,6916,66481,217,10.402972277793655,Start of SY
rev_status 0,BoSY,Grade 8,2-level,instructional,9753,66481,217,14.670356944089288,Start of SY
rev_status 0,BoSY,Grade 8,3-level,frustration,12869,66481,217,19.357410387930386,Start of SY
rev_status 0,BoSY,Grade 8,3-level,grade_ready,8676,66481,217,13.050345211413788,Start of SY
rev_status 0,BoSY,Grade 8,3-level,independent,9108,66481,217,13.700154931484184,Start of SY
rev_status 0,BoSY,Grade 8,3-level,instructional,12984,66481,217,19.530392142115794,Start of SY
rev_status 0,BoSY,Grade 9,2-level,frustration,7308,54972,217,13.29404060248854,Start of SY
rev_status 0,BoSY,Grade 9,2-level,grade_ready,9381,54972,217,17.06505129884305,Start of SY
rev_status 0,BoSY,Grade 9,2-level,independent,7260,54972,217,13.206723422833443,Start of SY
rev_status 0,BoSY,Grade 9,2-level,instructional,10698,54972,217,19.460816415629775,Start of SY
rev_status 0,BoSY,Grade 9,3-level,frustration,8587,54972,217,15.620679618714982,Start of SY
rev_status 0,BoSY,Grade 9,3-level,grade_ready,9381,54972,217,17.06505129884305,Start of SY
rev_status 0,BoSY,Grade 9,3-level,independent,5006,54972,217,9.10645419486284,Start of SY
rev_status 0,BoSY,Grade 9,3-level,instructional,6732,54972,217,12.246234446627374,Start of SY
rev_status 0,EoSY,Grade 10,2-level,frustration,6045,48128,217,12.560255984042554,End of SY
rev_status 0,EoSY,Grade 10,2-level,grade_ready,24146,48128,217,50.1703789893617,End of SY
rev_status 0,EoSY,Grade 10,2-level,instructional,17937,48128,217,37.26936502659574,End of SY
rev_status 0,EoSY,Grade 10,3-level,frustration,6045,48128,217,12.560255984042554,End of SY
rev_status 0,EoSY,Grade 10,3-level,grade_ready,24146,48128,217,50.1703789893617,End of SY
rev_status 0,EoSY,Grade 10,3-level,instructional,17937,48128,217,37.26936502659574,End of SY
rev_status 0,EoSY,Grade 7,2-level,frustration,12636,60429,217,20.91048999652485,End of SY
rev_status 0,EoSY,Grade 7,2-level,grade_ready,22589,60429,217,37.38105876317662,End of SY
rev_status 0,EoSY,Grade 7,2-level,instructional,25204,60429,217,41.70845124029853,End of SY
rev_status 0,EoSY,Grade 7,3-level,frustration,12636,60429,217,20.91048999652485,End of SY
rev_status 0,EoSY,Grade 7,3-level,grade_ready,22589,60429,217,37.38105876317662,End of SY
rev_status 0,EoSY,Grade 7,3-level,instructional,25204,60429,217,41.70845124029853,End of SY
rev_status 0,EoSY,Grade 8,2-level,frustration,12139,57450,217,21.129677980852914,End of SY
rev_status 0,EoSY,Grade 8,2-level,grade_ready,22508,57450,217,39.17841601392515,End of SY
rev_status 0,EoSY,Grade 8,2-level,instructional,22803,57450,217,39.69190600522193,End of SY
rev_status 0,EoSY,Grade 8,3-level,frustration,12139,57450,217,21.129677980852914,End of SY
rev_status 0,EoSY,Grade 8,3-level,grade_ready,22508,57450,217,39.17841601392515,End of SY
rev_status 0,EoSY,Grade 8,3-level,instructional,22803,57450,217,39.69190600522193,End of SY
rev_status 0,EoSY,Grade 9,2-level,frustration,7506,45671,217,16.434936830811676,End of SY
rev_status 0,EoSY,Grade 9,2-level,grade_ready,20168,45671,217,44.15931334982812,End of SY
rev_status 0,EoSY,Grade 9,2-level,instructional,17997,45671,217,39.40574981936021,End of SY
rev_status 0,EoSY,Grade 9,3-level,frustration,7506,45671,217,16.434936830811676,End of SY
rev_status 0,EoSY,Grade 9,3-level,grade_ready,20168,45671,217,44.15931334982812,End of SY
rev_status 0,EoSY,Grade 9,3-level,instructional,17997,45671,217,39.40574981936021,End of SY
rev_status 1,BoSY,Grade 10,2-level,frustration,1854,10688,41,17.346556886227546,Start of SY
rev_status 1,BoSY,Grade 10,2-level,grade_ready,1741,10688,41,16.289296407185628,Start of SY
rev_status 1,BoSY,Grade 10,2-level,independent,1026,10688,41,9.599550898203592,Start of SY
rev_status 1,BoSY,Grade 10,2-level,instructional,1695,10688,41,15.858907185628743,Start of SY
rev_status 1,BoSY,Grade 10,3-level,frustration,2029,10688,41,18.98390718562874,Start of SY
rev_status 1,BoSY,Grade 10,3-level,grade_ready,1741,10688,41,16.289296407185628,Start of SY
rev_status 1,BoSY,Grade 10,3-level,independent,759,10688,41,7.101422155688622,Start of SY
rev_status 1,BoSY,Grade 10,3-level,instructional,1584,10688,41,14.820359281437126,Start of SY
rev_status 1,BoSY,Grade 7,2-level,frustration,1036,12020,41,8.618968386023294,Start of SY
rev_status 1,BoSY,Grade 7,2-level,grade_ready,988,12020,41,8.21963394342762,Start of SY
rev_status 1,BoSY,Grade 7,2-level,independent,1778,12020,41,14.792013311148086,Start of SY
rev_status 1,BoSY,Grade 7,2-level,instructional,1422,12020,41,11.830282861896839,Start of SY
rev_status 1,BoSY,Grade 7,3-level,frustration,3039,12020,41,25.282861896838604,Start of SY
rev_status 1,BoSY,Grade 7,3-level,grade_ready,988,12020,41,8.21963394342762,Start of SY
rev_status 1,BoSY,Grade 7,3-level,independent,1623,12020,41,13.502495840266223,Start of SY
rev_status 1,BoSY,Grade 7,3-level,instructional,2134,12020,41,17.753743760399335,Start of SY
rev_status 1,BoSY,Grade 8,2-level,frustration,1479,11440,41,12.928321678321678,Start of SY
rev_status 1,BoSY,Grade 8,2-level,grade_ready,1235,11440,41,10.795454545454545,Start of SY
rev_status 1,BoSY,Grade 8,2-level,independent,952,11440,41,8.321678321678322,Start of SY
rev_status 1,BoSY,Grade 8,2-level,instructional,1533,11440,41,13.40034965034965,Start of SY
rev_status 1,BoSY,Grade 8,3-level,frustration,2952,11440,41,25.804195804195803,Start of SY
rev_status 1,BoSY,Grade 8,3-level,grade_ready,1235,11440,41,10.795454545454545,Start of SY
rev_status 1,BoSY,Grade 8,3-level,independent,1326,11440,41,11.590909090909092,Start of SY
rev_status 1,BoSY,Grade 8,3-level,instructional,1963,11440,41,17.15909090909091,Start of SY
rev_status 1,BoSY,Grade 9,2-level,frustration,1630,9954,41,16.37532650190878,Start of SY
rev_status 1,BoSY,Grade 9,2-level,grade_ready,1434,9954,41,14.406268836648584,Start of SY
rev_status 1,BoSY,Grade 9,2-level,independent,1121,9954,41,11.261804299778984,Start of SY
rev_status 1,BoSY,Grade 9,2-level,instructional,1577,9954,41,15.842877235282298,Start of SY
rev_status 1,BoSY,Grade 9,3-level,frustration,2131,9954,41,21.408479003415714,Start of SY
rev_status 1,BoSY,Grade 9,3-level,grade_ready,1434,9954,41,14.406268836648584,Start of SY
rev_status 1,BoSY,Grade 9,3-level,independent,783,9954,41,7.8661844484629295,Start of SY
rev_status 1,BoSY,Grade 9,3-level,instructional,1278,9954,41,12.839059674502712,Start of SY
rev_status 1,EoSY,Grade 10,2-level,frustration,1237,9243,41,13.383100724872877,End of SY
rev_status 1,EoSY,Grade 10,2-level,grade_ready,3177,9243,41,34.37195715676728,End of SY
rev_status 1,EoSY,Grade 10,2-level,instructional,4829,9243,41,52.24494211835984,End of SY
rev_status 1,EoSY,Grade 10,3-level,frustration,1237,9243,41,13.383100724872877,End of SY
rev_status 1,EoSY,Grade 10,3-level,grade_ready,3177,9243,41,34.37195715676728,End of SY
rev_status 1,EoSY,Grade 10,3-level,instructional,4829,9243,41,52.24494211835984,End of SY
rev_status 1,EoSY,Grade 7,2-level,frustration,2450,10813,41,22.657911772865994,End of SY
rev_status 1,EoSY,Grade 7,2-level,grade_ready,3761,10813,41,34.78220660316286,End of SY
rev_status 1,EoSY,Grade 7,2-level,instructional,4602,10813,41,42.559881623971144,End of SY
rev_status 1,EoSY,Grade 7,3-level,frustration,2450,10813,41,22.657911772865994,End of SY
rev_status 1,EoSY,Grade 7,3-level,grade_ready,3761,10813,41,34.78220660316286,End of SY
rev_status 1,EoSY,Grade 7,3-level,instructional,4602,10813,41,42.559881623971144,End of SY
rev_status 1,EoSY,Grade 8,2-level,frustration,1811,10457,41,17.318542603041024,End of SY
rev_status 1,EoSY,Grade 8,2-level,grade_ready,4017,10457,41,38.414459213923685,End of SY
rev_status 1,EoSY,Grade 8,2-level,instructional,4629,10457,41,44.266998183035284,End of SY
rev_status 1,EoSY,Grade 8,3-level,frustration,1811,10457,41,17.318542603041024,End of SY
rev_status 1,EoSY,Grade 8,3-level,grade_ready,4017,10457,41,38.414459213923685,End of SY
rev_status 1,EoSY,Grade 8,3-level,instructional,4629,10457,41,44.266998183035284,End of SY
rev_status 1,EoSY,Grade 9,2-level,frustration,1866,8505,41,21.940035273368608,End of SY
rev_status 1,EoSY,Grade 9,2-level,grade_ready,2775,8505,41,32.6278659611993,End of SY
rev_status 1,EoSY,Grade 9,2-level,instructional,3864,8505,41,45.4320987654321,End of SY
rev_status 1,EoSY,Grade 9,3-level,frustration,1866,8505,41,21.940035273368608,End of SY
rev_status 1,EoSY,Grade 9,3-level,grade_ready,2775,8505,41,32.6278659611993,End of SY
rev_status 1,EoSY,Grade 9,3-level,instructional,3864,8505,41,45.4320987654321,End of SY
