item,path
project_root,/Users/esalvador/Documents/GitHub/data-for-policy-portfolio/ipa-deped-education-analytics/deped-dlp-assessment-data-cleaning
raw_dir,/Users/esalvador/Documents/GitHub/data-for-policy-portfolio/ipa-deped-education-analytics/deped-dlp-assessment-data-cleaning/raw
scripts_dir,/Users/esalvador/Documents/GitHub/data-for-policy-portfolio/ipa-deped-education-analytics/deped-dlp-assessment-data-cleaning/scripts
data_dir,/Users/esalvador/Documents/GitHub/data-for-policy-portfolio/ipa-deped-education-analytics/deped-dlp-assessment-data-cleaning/data
tables_dir,/Users/esalvador/Documents/GitHub/data-for-policy-portfolio/ipa-deped-education-analytics/deped-dlp-assessment-data-cleaning/outputs/tables
figures_dir,/Users/esalvador/Documents/GitHub/data-for-policy-portfolio/ipa-deped-education-analytics/deped-dlp-assessment-data-cleaning/outputs/figures
logs_dir,/Users/esalvador/Documents/GitHub/data-for-policy-portfolio/ipa-deped-education-analytics/deped-dlp-assessment-data-cleaning/outputs/logs
validation_na_dir,/Users/esalvador/Documents/GitHub/data-for-policy-portfolio/ipa-deped-education-analytics/deped-dlp-assessment-data-cleaning/outputs/validation_na_schools
docs_dir,/Users/esalvador/Documents/GitHub/data-for-policy-portfolio/ipa-deped-education-analytics/deped-dlp-assessment-data-cleaning/docs
